0002256a9752413816e3cd4913b60439.jpg,Chrissy Teigen
0005a8326e74d95f21fbbdbc54f3d437.jpg,Garth Brooks
004e7db85b62775ddae8b232e64cf663.jpg,Britney Spears
005897ea54488976b143a8b0a496e25f.jpg,Katy Perry
0077a4ecd1e9d2488c556e095b4131a8.jpg,John McCain
0084a51069ca1712e2052034a59b773e.jpg,Ellen Page
008bd7f425951a70fd4bc56cd4ddc4e8.jpg,Nikola Tesla
00a6244ebe07bc50c75793e656f6d666.jpg,Leonardo DiCaprio
00af1288e4d9f703cc562cd73d9e8a74.jpg,Ryan Gosling
00d458a9c2c035a9c2ebbfdddba76a46.jpg,Nikita Khrushchev
0134e9abeacb40b61ed55d2bb5dc5307.jpg,Marvin Gaye
017dff84621ebcb9c720ad56771a7e92.jpg,George Bush
019c358921d5a62684066b80c6f823cd.jpg,Amy Poehler
01a53590abae6c1c3ceecface8f8a6ca.jpg,Amy Poehler
01b34fd87d07661fe2581af33d517912.jpg,Steven Spielberg
01d158cdcb40685a3eb32821f7056d1e.jpg,Kimberly Caldwell
01d328e91741c142f622dadd877dcb24.jpg,Gwyneth Paltrow
01f164a07164f225136d0e2efeeadec4.jpg,Anna Biedrzycka-Sheppard
0257c45ca6d105370f58f22b980e8cc7.jpg,Audrey Hepburn
02675c093d74b21bbecfa0d3d70d9101.jpg,Ronald Reagan
026b6a6fcdeee0f90fe9b92c5dd91be7.jpg,Saoirse Ronan
02bb338a9e17bff44dbad335d90e699e.jpg,Sheryl Sandberg
02ed68aa77a567f9b3c8a726cadf0ba8.jpg,Leonardo DiCaprio
02f83de19928712ca497f71bcd216aa0.jpg,Lady Gaga
0304dc04aa0a5b515e5f0a8118237c6d.jpg,Harriet Harman
034018dd1ad6ad9956fffd4ecd06c3b4.jpg,Lady Gaga
036c052ccff5bb5248d6831c8710b44c.jpg,Elton John
037bd9bd071ace954d27f99bae53c296.jpg,Ronald Reagan
038ef3e0bfc024e5036178977a2a1de8.jpg,Tom Hanks
03927973b76c88e54e18009b0acd12a4.jpg,Audrey Hepburn
03c9bbe96667f4e9956eebdc759ce31c.jpg,Celine Dion
03cba11e76bd9541b538f49dc200adff.jpg,Emily Blunt
03fdf8ca13226c135dd31e9845cba905.jpg,Cary Grant
040b492123bd07c408063fd6b4b62e5b.jpg,Cristiano Ronaldo
0427827e8fdc19ccba8a49f401f18c97.jpg,Bill Clinton
042fc2b5ba1f5ca123327ab51262c68e.jpg,Mila Kunis
045105b3e29d8226c42e34b39482a6ab.jpg,Hanna Romanazzi
04674a8b65564e81fc80f4ee356b3087.jpg,Gwyneth Paltrow
04872dac2586ae83ece2bd9962de401c.jpg,Amy Schumer
048f8092665a119bf3c741083c017cac.jpg,Mitt Romney
049dc6c4ed7d66dc0d279d23cf643e13.jpg,Oprah Winfrey
04d2287122d50bb3be22baed8c8ce7e4.jpg,Elton John
04f660ad2f1930472595d73924af1eb0.jpg,Charlie Chaplin
05454ef6b60c21c45c2247c265c8664a.jpg,Celine Dion
0547fdf73a64f3a33190b7828f3fdff2.jpg,Jennifer Lawrence
0554496baa32c1d853eb74f01d7a178d.jpg,Adam Levine
05c4b1c49462986d1ba62567b54158bc.jpg,Ellen Page
05c7584ec90e255a8d13a326279a058c.jpg,Gail Patrick
05d45526a7336928d1e7f0ffb63df050.jpg,Ben Affleck
05f9f128ed4b7e03d5ebe485d3cdad84.jpg,Audrey Hepburn
0602a51e3acf86956388e6150ec3dbf3.jpg,Amy Schumer
063efb51b52b3acf1871dcc71e6e1a52.jpg,Al Franken
0666648e7212455d71da98a0771f23be.jpg,Audrey Hepburn
06e2d1f7111aa6cc0ac7b4dfedd9fb66.jpg,Carolina Kasting
07328c924b5a36b3cb3bb4b51d3a7119.jpg,Sheryl Sandberg
0752ca0fb5c798fb2ff461bf372400ae.jpg,Aretha Franklin
075458cf994f16d77825e80401e73d89.jpg,Lady Gaga
0760a7028a2494c4b6bfcb382d219976.jpg,Aretha Franklin
0764d02e7fa3114092be7e73847c592d.jpg,Natalie Portman
0781e61f66370681d69850603329c910.jpg,Joan Crawford
07844109202e3ea1a8dcd1bf51444ac3.jpg,Katy Perry
0809f8da87980d9a586750ce6465365c.jpg,Woodrow Wilson
0831c33aac77a3b72e19d5878331afea.jpg,J.K. Simmons
08349d2468408ff1980c4ff9631caec1.jpg,Eric Clapton
08503842c424285bfea6c554b140a2f2.jpg,Amy Schumer
08525b148b9e0a52c15e6284c8b2c911.jpg,Matt Damon
0883e3ecd1305a16c1cfa15992ad253a.jpg,Theodore Roosevelt
08adbe79dc2c8483ee287fbc2ee4f643.jpg,Humphrey Bogart
08c2c916616ea1041afc8967ee559cd7.jpg,Kay Kendall
08e7bb04632a0a62831e5fccd1ef4e29.jpg,Selena Gomez
08fd9ccf20ca5d53b8e59b3253a209f6.jpg,Ryan Gosling
0902a42e26466f3d7401778abc0725f8.jpg,Judy Garland
095a12f0eec957c6168ab1b110720090.jpg,Nikola Tesla
09776abb0d160298593551cfe98d3496.jpg,Jennifer Lawrence
09b6f2648121f0588b179e44a1056ad3.jpg,Marie Curie
09bd00c18d9722003c4b19719ca2e98e.jpg,Cameron Diaz
09ec8d56182fd0d1810c9826bc97e10c.jpg,Ronald Reagan
09efbbda5f11cc8cf7802b6011403ad1.jpg,David Beckham
09ff87eda95b40c29d3d9401249eda30.jpg,Carly Fiorina
0a0b391ab75b54f83707376f4782a5b4.jpg,Cary Grant
0a203912987ea6437ae56fe07f9ff8fb.jpg,Oprah Winfrey
0a38626412e79a868880b05bef7317b1.jpg,Nathan McCree
0a4c7888264bdaa35ed22eb08f79eef5.jpg,John McCain
0a8212e3707fd08660ea94ab52fe5f9c.jpg,Ben Affleck
0ab225ef0cf090ed5a04b5c999836b40.jpg,Reese Witherspoon
0ab59bd57204243d08029c1d3214d9f3.jpg,Amy Poehler
0ac4e9294955d4dc0df1d4aa0ff21fa4.jpg,Judy Garland
0b145be891a206a4d8a2ffea3d024547.jpg,Theodore Roosevelt
0b2d74b387ce2384d05b63ec90eb248a.jpg,Jan Vertonghen
0b6ae2ed92295d918c3ee6796ad6df2a.jpg,Michelle Obama
0b9f0e5ed5ccf541ed2522114dbbf370.jpg,Katy Perry
0bb4ffac3f46f2ef83732c36620bf27b.jpg,Oprah Winfrey
0be961b885bb028f8ab116737a208000.jpg,Cameron Diaz
0bea98bd70b25687b7933b095aaeb6ec.jpg,Ben Affleck
0c1be26c9bc7fb577a7e5c0be0440ad9.jpg,Demi Moore
0c3978a28f3323266d5a0e42dc6eedc7.jpg,Kim Kardashian
0c3feb275dc1a5a310a9426eadba8a1a.jpg,Madeleine Albright
0c485a6b93420e0338cdf976be87d3ea.jpg,Alfred Tennyson, 1st Baron Tennyson
0c54b649b2160893275575402d6cd8e8.jpg,Kim Kardashian
0c6c478b6c55a43d4f54cd7e66da6cd9.jpg,Al Gore
0c720a6fb646b04b85b57ccb2963585f.jpg,Chrissy Teigen
0c826e71dc5e55efb7c81893ba1b76b3.jpg,Orlando Bloom
0c901acba3da3aaeae1c5556bd41873b.jpg,Natalie Portman
0cad713bf7eb277859575acb4b2e6c0d.jpg,Kanye West
0ccb68f2f430b059091429fad5a7b1c3.jpg,Pratibha Paul
0cd2c3590461f4dfd7bc828f1e51eca2.jpg,Tom Hanks
0cf2359d19ce4bcb97c1309869199d8a.jpg,Natalie Portman
0d0dcfcdb441d08d6b8f30307efbf38e.jpg,Adam Levine
0d71b82f9d6806b89dc28da17036e650.jpg,David Beckham
0d8f2569ab268e0e5fb5ed4abad04239.jpg,Louis Armstrong
0da6db3cec3c11bea95e4a60e9114eda.jpg,Halle Berry
0e290f7e07ca447db6b71dda59f49606.jpg,Angela Merkel
0e2d9eb62725f3b0fcddde6c16b508f8.jpg,Vladimir Putin
0ea2663ca5cda1bfdde6d9d2ea73096f.jpg,Nicole Kidman
0eb49c8a66d904187e6db1ce7f113ac4.jpg,Barack Obama
0edbd45cc12a66ee39014fcdf50cfa91.jpg,Ryan Gosling
0ef0441001682497670a2a3cca8e0b97.jpg,Saoirse Ronan
0f4039192829d05adc4b86631e8c7471.jpg,Drew Barrymore
0fb47263ddaf133e1c838ac7de027a56.jpg,David Beckham
0fe35823190f1ad9be6e330414892fa6.jpg,Katy Perry
0ff29666955de68f942a641685755cb5.jpg,Halle Berry
1000723043150a2ec94bc10b4fbf496c.jpg,Theodore Roosevelt
10060df1280b25e6df46775ae7141d85.jpg,Angela Merkel
101a61258e188ff64bb7a113d25b2851.jpg,Jennifer Aniston
101b0cef230f8d2691bf13e29cd31977.jpg,Vladimir Putin
102872b69cb6fcdeb0b609cd2aee1505.jpg,Selena Gomez
108168a8185b70ec17a97e0f95a533e3.jpg,Nikola Tesla
108671cd6427b4d3be790f98c05f3205.jpg,Steven Spielberg
10a7a2ad51b83ad596b572c598f26858.jpg,Sheryl Sandberg
10eb1b5d35ad2fc48068b20abbedde39.jpg,Oprah Winfrey
11050f9787552f852fa24f0859fb2896.jpg,Ariana Grande
115faaee648e14b2031fd3d418db7226.jpg,Ronald Reagan
116ca62657ba5aee4545aa88a74286e8.jpg,Reese Witherspoon,60
11845d425f7e88cc0179942a70d71eb5.jpg,Vladimir Putin
118f750b5ed3f281784a6dacfb24b869.jpg,Madeleine Albright
1197c0abe72cff1d1113de26e1a6580e.jpg,Saoirse Ronan
11f1564fcf734d914b1e4209af57a89e.jpg,Madeleine Albright
11fdc7224db4068c606e7010d31f5a25.jpg,Drew Barrymore
1226f173d113d73d6a0f5e330d2d0f6d.jpg,Saoirse Ronan
125bf3371457dbdaa93dd22e570652bb.jpg,Daniel Craig
128d42b2a42cb4d1515e3e691d06a081.jpg,Barack Obama
129dc5a34a79d9bf7788453bac699784.jpg,Chandni Bhagwanani
13581a6b1a3f780c6be0f9afd3ddd233.jpg,McKayla Maroney
1361b313afd9d26d48e60b46e05a89ad.jpg,Elvis Presley
139a12c596e02e3f3cba61bd9bf110e6.jpg,Ronald Reagan
13a20abfc0a07011e342c687595b85c6.jpg,Al Gore
13c3d367e669333e0077d29ae7192c2c.jpg,Oprah Winfrey
13fd8c273ec4bb71efb0aca2d4798172.jpg,Carly Fiorina
1420f96b19da4018071e452713f47719.jpg,Nikola Tesla
1421c26bb8221403e9a52f8fa4b80af1.jpg,Elton John
1439b0b2ecd70e2fa79807d269b13fa0.jpg,Humphrey Bogart
144c2c05d9183aa2e1a8ad22b518df2f.jpg,J.K. Simmons
1459dbd590879fb8b5a2b20dff85ac25.jpg,Desiree Dolron
14866fd24363d6cdc63bfdbd0cd92aa7.jpg,Madeleine Albright
1497c84bd2edf88eac986abd39b06255.jpg,Miley Cyrus
149cddc19c4e5c2d343dd58c536edc7b.jpg,Vladimir Putin
14ea6770f28765b195d4ea8542c066a0.jpg,Peyton List,60
14ead19d73d1b30bb3f16016ea5d2ab1.jpg,Noam Chomsky
14f6cdb8968d04e6298ea5a077674d77.jpg,Katy Perry
15075524347e42227d5dac829089e0a7.jpg,Mark Wahlberg
154855003315419ad176bfafb8939448.jpg,Cary Grant
156d27ff3dadf9f919002b39a82a16c4.jpg,Neetu Chandra
15c66602d3a655f4e3309ffa0beca2c9.jpg,Nikos Ganos
16050f6cf77b159bd3357b00b2db49e4.jpg,Ryan Gosling
161b0a222a253634ea46459f12560e95.jpg,Daniel Craig
164b50123c6752010592faffab54810f.jpg,Barack Obama
165a4bf70dfc7926a46e59b1b2b676b5.jpg,Patricia Kazadi
165cad99908226cb6ad2b10a255ae5b6.jpg,Franklin Roosevelt
166df244a4d1a3203ff932e1bb2fd704.jpg,Woodrow Wilson
166f206bed6396d878edbb87d4248a54.jpg,Celine Dion
1681a18fa3ff77ab5fd2529a4976d7dc.jpg,Orlando Bloom
16a9d1efa06bd3dcdfa4a3e05cb4114d.jpg,John McCain
17151011aae7bfc2eed3066c272a93a9.jpg,Audrey Hepburn
1717d4dabd1d3d7f7e2a367226cf6f28.jpg,Mitt Romney
177e6d2a2c55935f7ebbaf8eb79146fb.jpg,Miley Cyrus
17e1f27a37ec806e23c3fff829ca7f0e.jpg,Mila Kunis
18015999b2fe1de5c97bc8dd4454943a.jpg,Mitt Romney
1811243e2becb08a257fff157e543edf.jpg,Demi Moore
18260f3564f71a4ed7783f83d61c0f11.jpg,Mark Wahlberg
18355a2d4b575699fb18239d4be828c2.jpg,Cary Grant
1841a0c54557788cc2e1f95020549a1e.jpg,Daniel Craig
184481662deae901b8043b67800b328f.jpg,Halle Berry
1850f6ab18fe6eac663aa52bac6a287a.jpg,Mark Wahlberg
186d260fc410cad558edf1ee3bf52707.jpg,Ryan Gosling
188f0815e4aa5b98ccf07873c35d8b86.jpg,Brad Pitt
1938927370d05f4a3ddd5fdc9b324c00.jpg,Adam Levine
194d50c54b376b9256c05222b192ca7e.jpg,Bruce Willis
19728136a91597a439f38619fda6c03d.jpg,Katy Perry
1980fd9ba00ec5af2566cf7b7726162e.jpg,John Chavis,58
19a5cdb5c45abf9feef810a06e53756b.jpg,Thomas Edison
19e06dd76c0eb5da2a9ef53ec042ebf8.jpg,Chrissy Teigen
19e3d02a087dff1d204421d6c6ac1947.jpg,Bill Clinton
1a0a7124f8f14f63199708f740c2b333.jpg,Jessica Alba
1a3bc4d71fa45c1d00ab889552a63cca.jpg,Theodore Roosevelt
1a4cf2c7a0769fb8a8ddc971dd57c794.jpg,Al Franken
1a880d251512359ef4186286851a1799.jpg,Daniel Craig
1a9d5868f67d9cc82748588fd55868ef.jpg,Chrissy Teigen
1af44ef6d389776bd64e1be4a7ce207c.jpg,J.K. Simmons
1afe2375ec60ba11e2e4f9768ebb0370.jpg,Celine Dion
1b32fa5bb767e132156b7bfeee33b491.jpg,Judy Garland
1b3a64816ed4250b176e395f0aa8b69f.jpg,Shooter Jennings
1bbc9cac5f37d75a93f45e51dee7ab55.jpg,Scarlett Johansson
1bc799f402ac0a7aab1c83e99f4b3db4.jpg,Jessica Alba
1c00046c79062ebccf01c2739f30fcda.jpg,MacKenzie Bourg
1c1fb71ff231b0dc6e0f86f16f667f18.jpg,Nicole Kidman
1c557fa15b41c70d849bd1b9ff37de1a.jpg,Jennifer Lawrence
1c687400ba096c0296a26d5383221ae6.jpg,Kirsty Hume
1cd49b7422555c3fcfeabc787c1d97e7.jpg,Jason Statham
1ce63ce018c599885add38bf2f88a616.jpg,Brad Pitt
1cf854f3001c2efc545767501cd1d353.jpg,Johnny Cash
1d23aa61ffca867f0cc8296caec0b23b.jpg,Theodore Roosevelt
1d3709cb54043b3362da994154bec352.jpg,Ben Affleck
1d5c74f1f7607acdb78cbca6514dc361.jpg,Mark Wahlberg
1d670da934ef7da116c7046e1e2708f4.jpg,Nicole Kidman
1d6cb8f5f7026589cc4cd4ab89de1879.jpg,Leonardo DiCaprio
1d88af59634c98cb771e9c272f06a14c.jpg,Gwyneth Paltrow
1d8aa860be7023283173ab488066e6f7.jpg,Mitt Romney
1da306001ac0a65cc16dd4697017bed5.jpg,Mariah Carey
1dbc37b9323fac5173649a8246cf0ac1.jpg,Drew Barrymore
1de304e0f6cd1f2b216b0e47cc7a45c1.jpg,Albert Einstein
1de3bf4e5b9f96dc3b7c13e278e0276f.jpg,Oprah Winfrey
1e0375764dc640be099de826bd985417.jpg,Saoirse Ronan
1e2adecb0e413380d0ddf0def01bb74b.jpg,Al Gore
1e94e36b59cd88014dc697139e1014f8.jpg,Paul McCartney
1ebcb2ea120f4a8e7d6337de29205ba5.jpg,Hank Williams
1ec592e5b8430e11d3120d716443eb9d.jpg,Kanye West
1ecd039f26161451df8472ef298fbd80.jpg,Marvin Gaye
1f2e586382df4e79111d6de3599ae1e7.jpg,Daniel Craig
1fa4d7826608c5d7ece43144012f2159.jpg,Reese Witherspoon
1fc91f7eb47b94300d2b65265d243f89.jpg,Franklin Roosevelt
1fdf4cffde836b915752822bc2da40ab.jpg,John McCain
1fecdba59ffbcd1ea99c2ec56e11f996.jpg,Lara Logan
200687bebcef48ec8f76cf4b71984227.jpg,Jennifer Lawrence
2018f8b6d80672e573b7339808238f1c.jpg,Amy Poehler
2026622be20ed213ef6e3a368a547f28.jpg,Oprah Winfrey
2043392fba7e56b95f252c14894b5785.jpg,Bill Clinton
206f19c80e558d3640b9dfdfc6cd302a.jpg,Ben Affleck
207215c5e4d04d2687e4cef086703f39.jpg,Miley Cyrus
209132a7cd92cad16425f167b742e204.jpg,Brad Pitt
20a71d0b87159332ba6246a877230532.jpg,Hillary Clinton
20b218e1ee40d9e8382d8c29be3dfa30.jpg,Aretha Franklin
20b88d555044854dceaba10882295e0a.jpg,Audrey Hepburn
20c2313f7e2d9693104c704ae6b62adf.jpg,Michelle Obama
20d862962f6f01354fcc2b5a5c6f3a33.jpg,Hazel Crowney
20de8184014ab9ebf4534e502b8fac6e.jpg,Leonardo DiCaprio
20f44b15d752e4df84ac89ceeafc5f2b.jpg,Nicole Kidman
20fd4ce31badd287482e1c3f659e9842.jpg,Franklin Roosevelt
21001c0e2107abb1a3a731a30b322445.jpg,Audrey Hepburn
211a3acfd74e9ee33a672a364bbc228e.jpg,Hannah New
212243155434dab8c9f3dcc4e543e05a.jpg,Matt Damon
214e39a3853933f9b8f83448148e84a2.jpg,Halle Berry
2187b2bcb84699260defb59d29a81413.jpg,Ryan Gosling
21913bbce4c652dabbaa3eaa887473b1.jpg,Cameron Diaz
21ba3bec64be55ee8961c1ff6a646e90.jpg,Theodore Roosevelt
21c07d3b66dce4a627587084bf63aed2.jpg,Nicole Kidman
21e55b9e4232892e6820e406d46b99e6.jpg,Garth Brooks
21eb9aa828ef214cb1b3c65080fb5f13.jpg,Hillary Clinton
21fc00bcc6b2c56636bd6adf8fca275c.jpg,Matt Damon
2205e5b8f7834babd8a604bde6fabe45.jpg,Bruce Willis
2237a1aca0f0f69821c0aa0425c451b1.jpg,Ariana Grande
2242aa0e8038f405ab7f90b7249848a7.jpg,Reese Witherspoon
228b66d1acc0fd1b6cf8e835bd9bf54d.jpg,Matt Damon
22ee0c50835807de061a1cebe5fd810f.jpg,John Cena
23048b7daeb41e0a19333b6d853bd25b.jpg,John Cena
236d50f9e22de88fbf06cee43a5a7866.jpg,Ben Affleck
2398f1864e1f1cf30faf45baece9f1f5.jpg,Brad Pitt
23e82dd748e2f8b9aab57bae16493b9c.jpg,Angela Merkel
23f3ab61490947b39514ad6d45d60201.jpg,Donald Trump
241a6abe50acecee30113b9617d7de33.jpg,Scarlett Johansson
244c87b0fd77d1ecca1fd7451229586f.jpg,Cary Grant
247d9da942b4e7b4010c85cf3e2542d9.jpg,Emily Blunt
24e24d1bc2336752f6552dea7610e50e.jpg,Al Franken
2509da0cb3af221fc3b0aa3114c9ccec.jpg,Drew Barrymore
25150d08bfc0cc3c30dfdb4fb55c7396.jpg,Miley Cyrus
252308d9134dd512527623ca161b8768.jpg,Carly Fiorina
2556aebcdf203d3a8fa550da73b5742e.jpg,Franklin Roosevelt
255e81d8e7bc982b4048c31d631da5ac.jpg,Reese Witherspoon
25a4ba682c7a48f3e328f4f24f39f49e.jpg,Miley Cyrus
25a6e6c37c64977de7eaaf98cd656c43.jpg,Garth Brooks
25a7cb6c1dd8420e74e57c8fd9f40442.jpg,Angela Merkel
261c6e28d2140239e54e7199a36470f3.jpg,Amy Schumer
263f3043e6e14ee3c9cfc2c47c9efa1d.jpg,Reese Witherspoon
2655841b00ee05ce6e83497c961034ff.jpg,Ariana Grande
26844cd3da6b5449d295730b26bbaba2.jpg,Marvin Gaye
269e5e93503d9937582c44ab3ccfe79c.jpg,Johnny Depp
26b3072c14d300dd5174370e8b85b71e.jpg,David Beckham
26dbde198ffcdd39a0e219f0080736e8.jpg,Donald Trump
26e027e26b34ef29ae417434926cb3d9.jpg,Reese Witherspoon
26e4661f0fe88fab8f706f9eca7fc2cb.jpg,Gwyneth Paltrow
26fce205ac1dda976fac3a1939cf29ba.jpg,Judy Garland
27081a14aa25d24fe76ea721448f9c09.jpg,Emily Blunt
27146705c27abd0516756d21422fdef3.jpg,Matt Damon
273041062cb1c7bfc23854a7dd8f873a.jpg,Nicole Kidman
276f956a8768d58bed5bed74e99423c9.jpg,Katy Perry
2773dc0d74efc7b7b61ce99ac3fd8e70.jpg,David Beckham
277b2473a77c6a93b5b769c13ede334f.jpg,Reese Witherspoon
278137e18a6b7259644b29c11b28f2d8.jpg,Adam Levine
27f27ed187ee53cd96f2244e0ea95906.jpg,Sheryl Sandberg
281339e630a776d2e7fd54e9d93656e7.jpg,Amy Schumer
281ae99e9f631958a37b1a8aef4c19f9.jpg,Hillary Clinton
288ff20dd6ae13cb48e0ae2e9bdbbd34.jpg,Gerald Ford
28979035f26c70de9f22eef1b6ba6fdd.jpg,Gwyneth Paltrow
289c0ba0f4a891f97ffb46c83343732d.jpg,David Beckham
289c2df6aff28a4a5b71150c38b3831d.jpg,Amy Poehler
2904d848d6cec04ceb9a507456ab22ec.jpg,Emily Blunt
291f3fa4167f1169b3b7f74e4a46f816.jpg,Halle Berry
296afc61bcafdb7d9a691bb0a7921c03.jpg,Leonardo DiCaprio
29b189d1a0dc002767ba2dca81af70f1.jpg,Gerald Ford
29b2cddbda81635b06acd664decc0ace.jpg,Demi Moore
2a019c96ed0eb2a06e6c44fc7be81ff3.jpg,Billy Joel
2a2dc3c2a72828dbdd42c3ea7db80562.jpg,Tom Hanks
2a3f0aa1a503899850ff295b685899e4.jpg,Ariana Grande
2a51676cfc1c1caf58e93c75f9b23d45.jpg,Woodrow Wilson
2a74dc89e126e656f61faf974f5a0df8.jpg,Amy Schumer
2a7a408dfec6b935357532dde65daeac.jpg,Chrissy Teigen
2b09fe88cd38f2bd46d6db5f040dacf6.jpg,George Bush
2bafe09a8f13a04bac38cd5cdd88d4da.jpg,Amy Poehler
2bb14d1540956d4862a633e43f8451c6.jpg,Madeleine Albright
2bbbaec382fd60c1add00209a4e78b42.jpg,Ronald Reagan
2bcf62ef78fc2dde0960a95e6d1f2d1a.jpg,Al Franken
2bd8ad3d832514489b0d19e64026ec9f.jpg,Al Gore
2be4fcedc925750ce4cead5ac4c1595e.jpg,Lars Ohly
2beaf4f6e43c60748cc139f7a32f0768.jpg,Rakhi Sawant
2bedfb6c98f01695fe01eecab4ca3693.jpg,John McCain
2c2c53fd23dc1c1d4730f7eaa0de07e5.jpg,Marvin Gaye
2c6d314a124d1243db5925ec74b3a10e.jpg,Al Franken
2c70c485da848d1d4f2e57ef958c1e9c.jpg,Bruce Willis
2c8ee59216cc04dd2e6854af4da644b8.jpg,Franklin Roosevelt
2ca5ba44840ea7760187d426890ed182.jpg,Steven Spielberg
2cef3b499298b5d0240a81ebb87394a0.jpg,Amy Schumer
2cfd89a5e308203f83cd9f6f10e1b5bf.jpg,Vladimir Putin
2d26e82e8ba3d59ff33ae0de92fdf6cc.jpg,Gerald Ford
2d6eb7caeb34e82500ea6db1ee56179a.jpg,Cameron Diaz
2dd8bf31a46eb2af4cfd54b669f190e6.jpg,Marie Curie
2e1fdc001e88b4260938656b109879b3.jpg,Paul McCartney
2e35b580346fc3871c8d1739d793291a.jpg,Vladimir Putin
2efa49bb62eea9262b20bffdd1d69d0f.jpg,Marie Curie
2f076c3734c821003a79c7f96ac0a1c0.jpg,Daniel Craig
2f08c79d964c8971c86f68a60c0a0b9b.jpg,Theodore Roosevelt
2f095d5d7c79c5b02401e2d14786c08a.jpg,Ellen Page
2f1d93e1fa399ad2e13495b4bcca1ca4.jpg,Kanye West
2f436cf1c85343833c641170fecf8e70.jpg,Cameron Diaz
2f78a29686923f481b154f5568fe5cc8.jpg,Tom Hanks
2f99f2c586c604e7bf518cc4ea9ef7c2.jpg,Joan Crawford
2fc0112cfbc3a1492de8b29b8b234618.jpg,J.K. Simmons
2fca989dc3b040d7025462f31197c512.jpg,Vladimir Putin
2ff8a0d6fce0544cca8aef6372f68f8e.jpg,Amy Schumer
303deae28a801c1e21c1c88bb4beca8b.jpg,Judy Garland
3058ebe5fd9c5ccf9d38c7bc93d88573.jpg,Mila Kunis
3079b6b222e28344e865076a1123f333.jpg,Elvis Presley
308e50d4098416fb5a32f8d4a19de238.jpg,Ellen Page
30c84108dcfbc3b0411f86a7a31fca66.jpg,Taylor Swift
31237123deeb75077a03fc65b31de7b3.jpg,Michelle Obama
31458cfc84be3c96ea14fe51b8b20651.jpg,Michelle Obama
317930f16f77aa43841084068fc8e88d.jpg,Sigrid Agren
31c4ba46e8f2a2c70414caef9b0b9d47.jpg,Ariana Grande
322b75309ce8181ccd5d200748aeff46.jpg,Mila Kunis
323df07180f1dacd3ee2e7aadceb1e35.jpg,Saoirse Ronan
32425f0cb44271f4549cfabc95b607f3.jpg,Nikola Tesla
325ca6d4111c7f9828085268d1350f8b.jpg,Courtney Eaton
325fba5c926aa060bdb171a5bf7a4538.jpg,Britney Spears
328211cc91ef235bc51ceb93795b73f8.jpg,Saoirse Ronan
3282c5cb05349f4312a9f671b52b38ad.jpg,Adam Levine
32ae91ac9d57d1cfb831f476b0ffb63b.jpg,Celine Dion
32c85791440ac87e92d800577a406ca4.jpg,Selena Gomez
32eab04df346e2577c54ea271e8e6f4f.jpg,Marie Curie
330f7f68c431e82f924ede7f68260e71.jpg,George Bush
331d059d55b7299403c4641a0ac29246.jpg,Cecilia Gasdia
331fb17525c2194a96d3f2da553a7603.jpg,Cristiano Ronaldo
334e014527fa6da927e90a5ca94fa031.jpg,Bruce Springsteen
33727a3e2f8117c6af2ab78cf1a715ce.jpg,Cary Grant
3383dc6cc24ed5f3ccc47498a06806a2.jpg,Jarryd Hayne
3386151367a1d2691a92ddece1a52fc4.jpg,Orlando Bloom
338b05d19c9775098efd531ddd2a5691.jpg,Mitt Romney
33c3de8481286ab029cf8d1536915300.jpg,Woodrow Wilson
33ca81fbc1d76a6428c52f4005e0a0d6.jpg,Marvin Gaye
33e1795c52acb5c597f421734536acdd.jpg,Ariana Grande
33ea70b3def8be03064e734708aed5ff.jpg,John Cena
33fa546719a78ff3f53c56e377aa3949.jpg,Donald Trump
341178af9b517d73604576d71150f1b8.jpg,David Beckham
343a241407e5d2c397f63fa573cf80d9.jpg,Judy Garland
344ba61eab17e96fccdf395f8d86abd2.jpg,Ellen Page
344d7a1c6b3f90577c338d46de49ce71.jpg,Selena Gomez
346a86c4951602b54ac5e1ae100f2862.jpg,Cristiano Ronaldo
346dca39460f609f732904f94f3f6487.jpg,Al Franken
346ec8f87a0a9f4bffb1d64e75544c5c.jpg,Cristiano Ronaldo
347843e2a0ea39e222d449aa905e1077.jpg,Matt Damon
348d333024d50d4ff72f0412d970b0fc.jpg,Madeleine Albright
3497de35e99f7f759c91b27d7793af3b.jpg,Leonardo DiCaprio
34b2b21e9fe79b5cd82346621b4325e4.jpg,Demi Moore
34d61769e24f57469291983c88f02d8d.jpg,Brad Pitt
351900a15070c2b4b56b9f10fe0f5895.jpg,Ariana Grande
355719cfe345c0fcca89e404420c4ce7.jpg,Bruce Springsteen
356e5755e70f3f85f591e1901580a77b.jpg,Ryan Gosling
3580624f4441956f3406f07c671d4574.jpg,Reese Witherspoon
35952502f9040d040db6ce1a6ad8c49c.jpg,Mon Laferte
35991896f3c77b7188fcf1914171468a.jpg,Amy Poehler
35a9e2b3679d57639e59d75e00424799.jpg,Sheryl Sandberg
35aeca00ffe6c502fc74ff833d06901e.jpg,Selena Gomez
35b02c4ae18b2d3700dd21cc1a35fc66.jpg,Mitt Romney
35b1dfd1a61e65583cadf9f406c69aef.jpg,Barack Obama
35c21a83aa6231643c9776b98a2a59d1.jpg,Kim Kardashian
35df179831b0e535eaa87525fc213394.jpg,Marvin Gaye
35df7389dfc9c9b6865e5b6e8eb6bfe8.jpg,Chrissy Teigen
35f1d6a9ab4a4c28b9096c8799f25104.jpg,Cameron Diaz
35f938f7fcfc91d3b652ab995c929d4b.jpg,Madeleine Albright
3610b8adfa0c08ca0ca9bf18b2b747fe.jpg,Shamil Abdurakhimov
36708e6b075f1c1f43b0887d031811f3.jpg,Nicole Kidman
3673e74cf19cc916cb2bdbfb73a31395.jpg,Judy Garland
36bede229480c53198857f775b997850.jpg,Selena Gomez
36c153fbac0714f17bf51135c8472eac.jpg,Carly Fiorina
3703ad0666e2241efdedc02da8779a25.jpg,Al Franken
3720075f4dfb85ff0179234ec5bdb868.jpg,Leonardo DiCaprio
372efe1aa58f97842ecb8aa622085bf1.jpg,Orlando Bloom
37522fca015bc4f32f3a1a86cdead82b.jpg,John Cena
37994e4ddd2a925264f11567d1836646.jpg,Marvin Gaye
37b5771048dc0621192cade61885c5ea.jpg,Daniel Craig
37bd1652807c14d8f87a4f72a5b016e2.jpg,Shanice
37bfd5d08951c4b58c184ae87570cf08.jpg,Peter Sollett
37c5b49de48617cdb86cf28242f7b3ad.jpg,Sheryl Sandberg
37c7d42cb975d8da57123546952d8891.jpg,Bruce Willis
381a48a11d35c271681809faa2ce9a9c.jpg,Al Franken
3821175d0fb568f59cfb2b74c803f892.jpg,Amy Poehler
3863d0e68d9540fea72e3da13114ef04.jpg,Garth Brooks
387045c7f6ca54074a2edfba693861ca.jpg,Paul McCartney
389bb705dcbf8b4a5801ba110fdbeb4b.jpg,Leonardo DiCaprio
38bfc036d96abb5bef8cdd65d1a66574.jpg,Reese Witherspoon
38c693579a5b13cea58ce5647dc987c1.jpg,Mariah Carey
38f07536b8ced72434071a42149b5caa.jpg,Mila Kunis
38f3dabe90ae31b8c3dc7f77be1954a3.jpg,J.K. Simmons
3919b47610a3d6c5253648cec765dc94.jpg,Albert Einstein
391e4d74e244542d9535ea2f8160dfa9.jpg,David Beckham
392936516a790a88afdb949933736310.jpg,Celine Dion
39932c2b298d55ccf921f5b3c88fb3b0.jpg,Nikola Tesla
39b9adc4625fa17dc710315edd7c6f1a.jpg,Miley Cyrus
39cefe1a48f54364782a63a8c0313403.jpg,Barack Obama
39de8a112a315619361b9548ffaf8db7.jpg,J.K. Simmons
39ea00446572903c723f3f5a9ccb3e3b.jpg,Benedict Cumberbatch
3a0b21a0fb94d9cff71c3536c8761284.jpg,Mila Kunis
3a0ca5dc84366ab46138d7d78cd4f08f.jpg,Thomas Edison
3a0ded3f74ac9c9809c041805402cb36.jpg,Jessica Alba
3a19c6769ab86101d112c75049ba546f.jpg,Natalie Portman
3a78a5b4f290d64fa1731447dab3bf23.jpg,Madeleine Albright
3abc3eea4bc3b0d8f406c3d6c5c6bbe1.jpg,Britney Spears
3ad90e46f4b1060c94ac45fce0acf7d8.jpg,Humphrey Bogart
3aeafbfe960c3125503e06c1f08fddb1.jpg,Eric Clapton
3af47e86b5cc969673ea34228daf6062.jpg,Bill Clinton
3b015e624bf05e1b8d60a8ead4e5617c.jpg,Emily Blunt
3b46031942c9726e4e0f6f5e2ef38da7.jpg,Ellen Page
3b55964dff51dce09a18388d7c17a05f.jpg,Oprah Winfrey
3b680320b7e0d9e689531961e8b682ae.jpg,Vladimir Putin
3b6d7d72ef0cfc13578e4892112c898d.jpg,Billy Joel
3b6fa1fb22e04628f0defa0d90031bcb.jpg,Reese Witherspoon
3b73bc22751eee85f99345073ab98a82.jpg,Robert Olen Butler
3b86211e73a5bcb4bf4abd6f8ff7f7e4.jpg,George Bush
3b9590bc6f0ee9854a9daf7c66cde528.jpg,Benedict Cumberbatch
3b9e356577d08264956ec6e27bf1a635.jpg,Scarlett Johansson
3ba4cfdfbc377f43786d1f316dd52b11.jpg,Elvis Presley
3bc9013a39bc454ba25a7e659613c474.jpg,Ingrid Bergman
3bdad65696e3fd6712f6b9fa6561b028.jpg,Benedict Cumberbatch
3be769cedd341517e919e39d31e0c773.jpg,Selena Gomez
3c256f0f593be847c438eb11f6bab67c.jpg,Nikola Tesla
3c3d77a72259e69171cd6ac7077615e8.jpg,Cristiano Ronaldo
3c4f28ff0b1824daea85d149671d08f1.jpg,Natalie Portman
3c5ee161c4cc2ae9630b84420e0fd5a1.jpg,Leonardo DiCaprio
3c78d9809d4c302471c8d098a3672b2a.jpg,Daniel Craig
3ccbc25e729c549be72be4dd097a935d.jpg,Angela Merkel
3cd1823990bc5aef489067c6f0064399.jpg,Carly Fiorina
3d0dd724f81c4241e7dc9596f66ba327.jpg,Leonardo DiCaprio
3d5d5960fa8577c1978a291645430fa0.jpg,Benedict Cumberbatch
3d95a2d31a92df9944629bbbba894663.jpg,Tom Hanks
3da6b0751521d6a9937e39cf8fc88b5e.jpg,Ben Affleck
3dbddafba3dc349c2d6cde5b4128b0e5.jpg,Mark Wahlberg
3dd3787bbb6ff879b02f4c857cfd8599.jpg,Matt Damon
3e04715dbb4c637a8967564ba2e09ad8.jpg,Michelle Obama
3e41b851e8a76f5984b86f7dfee44711.jpg,Sheryl Sandberg
3e4ba14da58106129f54a5fa297eb62b.jpg,Matt Damon
3e6073f557621649944bdcff0d3d8b67.jpg,Nicole Kidman
3e93ae03ebd60d44a5e522c5455fa8ac.jpg,Emily Blunt
3eb9d94359a6cc1076be3755f2b9c805.jpg,Ronald Reagan
3ec003a81cbeabcc5bf0fac784315e3d.jpg,Drew Barrymore
3ee22f6788a978c0ae2c13f8de52f50a.jpg,Taylor Swift
3eeffcbf50984432b86b19cf1da8a86e.jpg,Jennifer Aniston
3f2d7505fc859c2caa9e32a364b3b4bb.jpg,Johnny Depp
3f61ca82d33874a1803029d35f03273b.jpg,Aretha Franklin
3f7b6a75f323437027ff074e7ad5671a.jpg,Reese Witherspoon
3f7f2b0a36aa4a1ef02f70657d3c03b2.jpg,Mark Wahlberg
3fa95f0b13985e00294c18fc9ed72175.jpg,John McCain
3fae2b80a9abeb5112fd9f1b560a8560.jpg,Aretha Franklin
3fbff436617581780535aa83839f300b.jpg,Amy Poehler
3fe7eae4a9be214c23a4d36d4ddfaccf.jpg,Matt Damon
4028c8abe1e98cd0c7f352124786457d.jpg,Demi Moore
40306b947443b172999d95ed536ff76b.jpg,Saoirse Ronan
40569ded0a0843baf1618ac519120353.jpg,Jennifer Lawrence
407ec53b6be85839cc5a0f7f84aba00f.jpg,Judy Garland
40a8494e566d69bc49935f8662910923.jpg,Madeleine Albright
40d798353fde625e09e1be2c7761321a.jpg,John Cena
4101cc50f5488ffbb2bef97507045813.jpg,Britney Spears
41091056e778db453c7d87048f059da0.jpg,Mariah Carey
412e204a3c17923ddc99ef06c2de0885.jpg,Al Franken
4187a54749af0b7851d0ee76dec9ed9f.jpg,Donald Trump
418bc9c988e352801cf62c72eae2ea7b.jpg,Jennifer Lawrence
41ae55b27dafad4306e05d530861ff39.jpg,Al Franken
41d92a6cb2ef94d1d5be28472ace349f.jpg,Channing Tatum
41de9e2f0d4641a0e97a3b765764364d.jpg,Paul McCartney
41e1d667535588060e05efca4e7fbd6f.jpg,Andrea Begley
41e80d2f417c7c0b02a2f09fe311052d.jpg,Steven Spielberg
41fe8d089de62502877e69935741a39c.jpg,Gerald Ford
4224e06af42c7ec15ed82e06d6fce904.jpg,Mitt Romney
4228b977098bc6b25986c2f653c897c8.jpg,Frankie Gaye
423f78d461922f1cedb1ee74c8554e42.jpg,Theodore Roosevelt
424748e0a32434080bf76d4c981336ee.jpg,Natalie Portman
424edda2113a5a7b201cfcd2841ffd05.jpg,Bob Dylan
42b4e99100727e7cf87fb8ad9fb2405e.jpg,Mitt Romney
42d9b891d8aa822d9ec44658451fef3d.jpg,Saoirse Ronan
42f2cba2b10b0ece524f6de12ebeb9a5.jpg,Angela Merkel
4357cd1d9562455e2460e0e688c18f9a.jpg,Franklin Roosevelt
438162e9c4de15a6d5e767a9a5e24559.jpg,Oprah Winfrey
438579989f5f92fecb3a9de590628f95.jpg,Gwyneth Paltrow
43b0bb2331b79446da2b7d58cb9d8243.jpg,Bruce Willis
43b275e883fcadd8a938225e48ccd16d.jpg,Hillary Clinton
43c60ca66762c83a14657f41a3e76579.jpg,Demi Moore
440466c4ac8116acf1f505b9c8d39425.jpg,Daniel Craig
442fc46d94bdc9d2d6770006e38e0153.jpg,Halle Berry
445f102bdc57757b112239dabd382ceb.jpg,Angelina Jolie
448380ad3013e0f1e972993e9080383e.jpg,Orlando Bloom
448ea9d38adbad6d2d1e3e9ea26b5199.jpg,Theodore Roosevelt
448f8fc42d9ef84f7f0780c8227a20e2.jpg,Mariah Carey
449a77a86dc399b2d23fb13d8e369052.jpg,Benh Zeitlin
44a3cdb733d9ed92bfc940f3bff26182.jpg,Matt Damon
44c6adffb293229c0a936de363ba74fe.jpg,Chrissy Teigen
450bc5ffd140c705da5f28adf73e41de.jpg,Matt Damon
4577911b50c78e0bdd78803a6df02518.jpg,Kanye West
45cc786599eb9b0457236c0b0bad825e.jpg,Mark Wahlberg
45e0ef7cdd90ee51fd191664cca6439b.jpg,Mitt Romney
45f8d8dd25643f3854721fa8a0c46f56.jpg,Bruce Willis
45fb870ea9aab8ec2cd35e6402749c50.jpg,Daniel Craig
46090caeefc478100cb54d1872a8152a.jpg,Hank Williams
46189fca2b069535e55a755eace33110.jpg,Elvis Presley
461c2a3beb93266369b9f7f021ce5b25.jpg,Sergei Ignashevich
463930bc2027cb116b62c1a43871014f.jpg,J.K. Simmons
46405d18b8bbc202dacd5daf53cff465.jpg,Mikhail Gorbachev
46499f72df5ec728777a35a287f07389.jpg,Judy Garland
46ca52040f32afcb9cb59f4d195c168b.jpg,Elvis Presley
470aa5c6fa074088a2f9068fa4c0d34c.jpg,Steven Spielberg
472e40bbca3661144b225940f3fb0049.jpg,Celine Dion
476ac00455cf8bf2cb93ea30f9ca9ae5.jpg,Demi Moore
4778e704fd24d37af92b81c1349e56b0.jpg,Ariana Grande
4780a009361db49341069e9f387dc92b.jpg,Ryan Gosling
479272a83d5499440e82d9ee2695b8b4.jpg,Lady Gaga
47a138a93affa0079c14b4836f0080ed.jpg,Carly Fiorina
47abaaafb2b0a265517f7900cead6e03.jpg,Vladimir Putin
47adaf52fc2f7e7dbc316ab390b5550a.jpg,Carly Fiorina
47b6d5c1877fac81d345932d5193d4ff.jpg,Selena Gomez
47d2da57b14db6c5bfef486ee8afddc5.jpg,Jeff Sutphen
480c2f2b72ae63e08d99a8bd9029e3ab.jpg,Nicole Kidman
481c061ac651b93397d86ceb7fd99f0b.jpg,Jennifer Lawrence
4831a4747146ae457434dcc912b68cdb.jpg,Reese Witherspoon
483bcaa3c2d014969c4ed45ee5594dbb.jpg,Elfriede Jelinek
48480568f34355d2a1de81a76655eb89.jpg,Madeleine Albright
4853b459abb3d13ace2d804433892385.jpg,Oprah Winfrey
48680db724e2ecd36358532f1eeb313a.jpg,Carly Fiorina
4870e74c7b9bcc42c487a549009273bc.jpg,Drew Barrymore
48a699d96783a1ee89a1e8be88819ce7.jpg,Emily Blunt
48bd114b8756f002ba65ee312504fbb3.jpg,Ryan Gosling
48e5aff26c5db4fd566cb08fefcfe125.jpg,Hillary Clinton
490d4cabdc5462d8c62abc64210e96a1.jpg,Mila Kunis
492a5c18bdcfe5e665660a2b18ab2d3c.jpg,John Cena
4942be63b9229872434611cf1d0c81a3.jpg,Gerald Ford
495c2911ba8b6dbf0c936903ae1702b7.jpg,Aretha Franklin
49a480d13d82f2aeccea60a8a9312a43.jpg,Nicole Kidman
49aa5bbb7e46487ca32422fb81cda7c8.jpg,Marie Curie
49ba7d11f45689c022c72fc1ee10e355.jpg,Ryan Gosling
49c5fbf654e543579dda31c65ecf9ace.jpg,Reese Witherspoon
49cacb6a65d671bacfda6289647b9958.jpg,Amy Poehler
49cf7b4b3612ff0f002077b849515bba.jpg,Matt Damon
4a1ac3273ca3c48d7c860b3134b4efb9.jpg,Reese Witherspoon
4a424a541c9fcd8fbe77d4f00c91af1f.jpg,Hiro Mizushima
4a75c45c3c3383cd7f116da4c835852f.jpg,Bruce Springsteen
4a94383dc8ad5aa5ac02eb82a248f244.jpg,Johnny Depp
4ab27731b58d3acb6b525f3aa8c6fbf7.jpg,Bill Clinton
4ac448973a36f393d73ff0a9cd32fa4e.jpg,Jennifer Aniston
4adce71e266113383e640e7bd95713c1.jpg,Channing Tatum
4aeda23966fef3f3c678342eb158fe10.jpg,Noam Chomsky
4b03dd1f9760ab05dd75f4db6c06cfff.jpg,Thomas Edison,60
4b0cbd761b39d39000fbc8fec77d1718.jpg,Michelle Obama
4b2325f6fa7eca7e379852d606b04e27.jpg,Gwyneth Paltrow
4b70792a494e3b529ef275729d690570.jpg,Ben Affleck
4b98fdc58a6a3a1ed5ccc450a73caa9b.jpg,Natalie Portman
4bad40c6137a9c07ab8495045a160a9d.jpg,Jessica Nigri
4bc8fbc628e4fcdb73327c6ef07348f0.jpg,Ryan Gosling
4be14cafcc416ed964d35fd79253b126.jpg,Redman
4bf3b49faf9aaa75fc29a81e6b122941.jpg,Leonardo DiCaprio
4bf8bcab8a7daba1956b96f3f27720d8.jpg,Demi Moore
4c0c052de6b6809eb3b9cba80d85c738.jpg,Saoirse Ronan
4c14f36661812163005f5c93e21223ba.jpg,Bill Clinton
4c1978be10c2973592fca4a9d3defdce.jpg,Madeleine Albright
4c46cc3aa1297595a7e4a5b274538c76.jpg,Adam Levine
4c5dde39f2d7a97b5278576f1c6efe3e.jpg,Selena Gomez
4c6918789cc2fb8b8523042eb125f8c7.jpg,Kanye West
4c6951950298b7a69c714bcdec45e5d5.jpg,Ryan Gosling
4c7076aa7fa968728e02b2e0d87996c8.jpg,Steven Spielberg
4c70aa484c2706f6215a6909e2083797.jpg,Mitt Romney
4c77eb4b2441195dd23cde2ab5fffda3.jpg,Selena Gomez
4ccbb4fb7de8c31c0706087548ccccdc.jpg,Mila Kunis
4cd9305bbaf74899da63d1604b436f3f.jpg,Brad Pitt
4ceff9ec75bbc1c957cae15c5ab37192.jpg,David Beckham
4cf16143b6290f33d3447fec1b054f26.jpg,Steven Spielberg
4cfa4c84906f4abf561b60c420bbab27.jpg,Amy Schumer
4d9d5fc6015651ca9735408ad353fd21.jpg,Jessica Alba
4dc055b388c859a53c8c5f42eb652d9b.jpg,Nikola Tesla
4dc90ca041a31c1e7a70c63e3da5b421.jpg,Nicole Kidman
4e07b0fbc72af67ad2028a23aa9ca2cc.jpg,Al Franken
4e29f3cac03d748b6c4153879d7d1152.jpg,Paul McCartney
4e484ca2500307b44e3f478893a0745e.jpg,Jennifer Aniston
4e91fb008808c76e05e0146d1d7a1715.jpg,J.K. Simmons
4e93e4bacd125fef1cf165e3a0357f31.jpg,Orlando Bloom
4ef7f3f95b1a630cc1250bf9416350c1.jpg,Miley Cyrus
4f046519520d66efcc68ab7d1f57cb83.jpg,Eric Clapton
4f337ceb7a51b624d335a72208b383c2.jpg,Johnny Cash
4f3d05c1017ba93556c2860df23ee7c8.jpg,Gerald Ford
4f645e2130caa87a7ea38a446ca7dc27.jpg,Saoirse Ronan
4f6c553d7aa0ad61f64112854a516588.jpg,Amy Poehler
4f6ef41bdddd1901bd99f090f024a50b.jpg,Amy Poehler
4f84d1e47028fc665849616bc0ace150.jpg,Bill Clinton
4fe221111b9489ec87872e679121dc69.jpg,Chrissy Teigen
5048af8399b446de0eaac7084596e663.jpg,Woodrow Wilson
509ff86150b2e130cd7d1183f2984112.jpg,John McCain
50bb7d6b03464663480b104586b4f426.jpg,Amy Schumer
50c141b7caa9d0cea20a530956a85c6f.jpg,Saoirse Ronan
50d370ce01bab4338500296d2d3925ad.jpg,Franklin Roosevelt
50e3f67ea9010090f415595dc7c94b52.jpg,Carly Fiorina
5108405d1429b63e5f38e97a746b2e94.jpg,Mariah Carey
51421fba4e842430c9fae6feaee91265.jpg,Zooey Deschanel
515f63e07eee88ea17297f13d17a8b8c.jpg,Celine Dion
51b01a032ca0df28611535c630e4d46d.jpg,Orlando Bloom
51b6a126a795ebf9829cc16d47c54769.jpg,Miley Cyrus
51ffe9429f9aaeb40993040f56689f02.jpg,Michelle Obama
520e0531e6999c87ae37675559800d51.jpg,Hank Williams
5218f7a499376f7afb673f25960d5b44.jpg,Tom Hanks
5221274c6db949034650e309c15e1e95.jpg,Garth Brooks
5227e4d452af02eb75edc3319a696e33.jpg,Bill Clinton
52fc4670ef4b90003866899dbea41c67.jpg,Mariah Carey
532d232d73128f4b9b42738abccb02f2.jpg,Nikola Tesla
533ef282f502cd1741ca8fdbd5ca8469.jpg,Kim Kardashian
535032a7fcc3d598317abf7423097b13.jpg,Garth Brooks
539741f7094235b064179b84aed4afa8.jpg,Demi Moore
53986a99164946d4e410068e92d7700f.jpg,Taylor Swift
539987ccd8f98a07d52f493f59863af6.jpg,Humphrey Bogart
53b9b2aeabbd3ddc7fee49028878ac0a.jpg,Jennifer Lawrence
53e5d9d8e4225d3da8ee6b01f01e9b51.jpg,Mitt Romney
53ef7363506c922f46fd780ea7319ae8.jpg,Leonardo DiCaprio
5409b5eb9dec9a7eb00bb344ce1a2361.jpg,Nicole Kidman
543986af078b70f7a56b8ab707ffd70f.jpg,Petra Stunt
545ea7990ebb69dca5d388484597cba1.jpg,Matt Damon
54b924d2ff19a82cce4f9f2de7195eb1.jpg,Tom Hanks
54ea2971b52238f98d2ef6e0afe0014b.jpg,Theodore Roosevelt
5510c3fd7eda7922cb1428e077d130ba.jpg,Gwyneth Paltrow
5513f0d4557c5773ecb635e18e31fba7.jpg,Gwyneth Paltrow
5537e077c82372a5b163bc05aa8c5480.jpg,Arnold Schwarzenegger
55492e03b015d157f8f02afc6e91c472.jpg,Woodrow Wilson
55e65af403f598a4629d699870d97b91.jpg,George Bush
5605c07b4cd71f43f785205333bda247.jpg,Humphrey Bogart
560613f567c1df790e71a13d11b151e4.jpg,Madeleine Albright
5616438d429db4e02b55119297cbe9c9.jpg,Matt Damon
563adbd92db42c5b518fe0def5323a01.jpg,Nicole Kidman
565c9c3dd6d78cd94ccf746ae9dbbe32.jpg,David Beckham
567f04732b91318c2782b0b4f726743a.jpg,Tom Hanks
56ac9caeedf6afb7407ce278d657dff3.jpg,Vladimir Putin
56fe372a48fa331ecc3ce91a5b60041f.jpg,Kanye West
571d3b38e2f260cef1037295d4ee7006.jpg,Kim Kardashian
5739b7d31a466ce8727d527071c74dbc.jpg,Ben Affleck
574021f2f47ce8f414bd607fab86ff68.jpg,Elvis Presley
5741249845664af9ded2f8324998dffc.jpg,Sheryl Sandberg
578cdadae478ef8f568bbb40853a35d1.jpg,Ellen Page
5799c563321d0fb3b72c86981f29839d.jpg,Kasia Smutniak
57aef993d1238aa4588ef262dfce75cc.jpg,Oprah Winfrey
57bfefc17b389bbe42fae20f0b1974c1.jpg,Judy Garland
57dca13ff33b98b4c45b20623ef82314.jpg,Cameron Diaz
5825fa240fd3d6117afe4d376caa887e.jpg,Ryan Gosling
58271f342f9bbab27475175ab512ad58.jpg,Kanye West
58435019a5bafccfb03b28aaadfc2096.jpg,Ben Affleck
5858c3feab4f3006a644ede08817819c.jpg,Amy Poehler
587f6127d1120a5f6fb31a95c22608c5.jpg,Paul McCartney
58b23176c2d2ca22401929241c73a4bb.jpg,Matt Damon
58da9c0e32adaded243331463a31ba8c.jpg,Adam Levine
59222fa814a009ea1951a5c77307076c.jpg,Scarlett Johansson
593ea939a8a4abd2a54b227ce1c6f0a0.jpg,Leonardo DiCaprio
5979600b1da06db85f6acf4e7b9655b3.jpg,Michelle Obama
598136ecf6e810ab589b53c9c0022c70.jpg,Saoirse Ronan
5988d6cafe264a603d2293cdbc4b944d.jpg,Taylor Swift
599152e3cd493e5e9abf56bc5872694d.jpg,Woodrow Wilson
59926f4e5513a9ae4a120df2313c1621.jpg,Reese Witherspoon
59b68bcdefec3ce17ce40772fc5d07ec.jpg,Franklin Roosevelt
5a01fdff757c43952c5b8f8b11c23e7a.jpg,Amy Poehler
5a2da3ef243d1ad6b6847427c0792c50.jpg,Benedict Cumberbatch
5a36c3f3077029d522c0497da48a095b.jpg,Leonardo DiCaprio
5a74cff05f3e1aee4d8a985dec4fa974.jpg,Columba Bush
5a85cca8df8ff2c4a772bfd4a6da9af1.jpg,Matt Damon
5aaab56382f2ea50325c717387c1e7ff.jpg,Nikola Tesla
5b2c97f04616e53013f19a3637b82036.jpg,Humphrey Bogart
5b2f2e46c0e0d8e48bf3aa299f979b06.jpg,Kim Kardashian
5b33538640e69845146fdc8b40aaf0dc.jpg,Mark Geragos
5b43c823277553f8ed51368cdec966c9.jpg,Paul McCartney
5b54f5ac7a22382db84b72701d0c5146.jpg,Benedict Cumberbatch
5b6c15eb4f5641a9c963dd93fa7b3878.jpg,Cameron Diaz
5bb4ec398cf4ee1fdf4cbdabe771b19f.jpg,Robson Green
5bd0d95c1b5285f3572b382a40733c09.jpg,John McCain
5bd7351f22e2d823886ac483e94aa388.jpg,Gregor Gysi
5c4fdfa1b6a754a2d6e43260a175ecd4.jpg,Nina Dobrev
5c885d68df4235e85fee0f666f65a3e8.jpg,Ben Affleck
5cfe8747115250b85d178c41370aecb7.jpg,David Beckham
5d14c412178bb1ed753bc037cb8780b4.jpg,Ronald Reagan
5d4fa844cc88ddc3ad1cf2e86d1f655f.jpg,Michelle Obama
5d75e19aaf452ce60f4bf2fb155755d8.jpg,Tom Hanks
5db0a9d4c1f5294aeaa8039bca1c4b45.jpg,Paul McCartney
5db63d3047aeaa16c4366c6d71281cb8.jpg,Martin Gore
5db8beddb4665247aaaf59e98707837a.jpg,Bill Clinton
5dcc1c3e6bc4f25049a5f4b181dd405e.jpg,Chrissy Teigen
5dd5be6f98527ccf58aabb77b0df9c91.jpg,Thomas Edison,58
5df8af392f08889e53f263d9c50aeb56.jpg,Emily Blunt
5dfac62a5f9d2dfedd93ed06c031da36.jpg,Matt Damon
5e6567dcb787245794ccd86a577c5268.jpg,Elbert Dijkgraaf
5e8c82cb4a79ab85aed3504a60926c06.jpg,Katy Perry
5e8e8f509bf23bdcb9b6207a40966502.jpg,Sheryl Sandberg
5e98be5ffe73ca392cbf37c62b225a49.jpg,Madeleine Albright
5eacef65787249985cf72bf9e0e89f95.jpg,Cameron Diaz
5ef6d8a8eb207aae45370a25491bfc7a.jpg,Ronald Reagan
5f2ba4af313c1ae64fd77786a53172ed.jpg,Bill Clinton
5f53eeddfd4bc2fc095630b126d6c194.jpg,Ariana Grande
5f6e594efc9d939b2d01ee70ad56d7f6.jpg,Mitt Romney
5f92d8adde60cbdb0e2613322cbb563f.jpg,Ben Affleck
5fa3cc8ec3b11b2f2fcd4d296740aab5.jpg,Ryan Gosling
5fb435667685194a40d55f86f3de9718.jpg,Jennifer Aniston
5fb8ceb4ddf4c1cf6df8ac4cc1db6c4c.jpg,George Bush
6047820ac3a97845a52ac7893620d9e4.jpg,Hadise
6079850050a168592407cfda09cd7a02.jpg,Drew Barrymore
60812124c0aae885d5584d7e378a9c12.jpg,Saoirse Ronan
60ca07e4d9e9b2bdd7bbbf69320f0f9c.jpg,Natalie Portman
60d0698405d5e551ccb440b8f8dae130.jpg,J.K. Simmons
60d6ce185bf5187c97eded4ec5e51d94.jpg,Natalie Portman
6139d2bb39ccd47ed08e6ef6eb09bc05.jpg,Elvis Presley
6148e95d00d209871855471b118ae06d.jpg,Kim Kardashian
615cddda99a85e44e910f21c2c4cd42b.jpg,John Cena
61decf7f5467574ff372391766dfc5cc.jpg,Britney Spears
61e98c1a3910a4ee96feb9bce40b0dfc.jpg,Drew Barrymore
623a0abff7c0028dc9d2bc7989b013ff.jpg,Taylor Swift
6245e8ed5f992a9fd2b0748087876aef.jpg,Amy Poehler
624774ade0a2abc406dcb0ce67f60464.jpg,Petra Stunt
62517b442462f056b757c586df09b094.jpg,Dustin Ackley
6268e2aa336f62f537c8a3bb5e05bf92.jpg,Drew Barrymore
62764dd96f5685cf803c97f864701fcb.jpg,Joan Crawford
629232069bcf410dedf51a62fad5e188.jpg,Cristiano Ronaldo
6308d4120deaa421250fa86777d300ed.jpg,Angelina Jolie
630bf3c6fabe3d20f1b6f1f06b7250f5.jpg,Channing Tatum
630f2fccdff843e1c6561053205cee10.jpg,Hank Williams
6338a9a524c8077ac7e9ab2081fb2105.jpg,Mark Wahlberg
6380fa06c50dbfbccc9c4af76eabd1e3.jpg,Kim Kardashian
63b690fb1e2dc7ad1c7a4fdfae221393.jpg,Channing Tatum
63dc6c47981f2049c18f035d74ddb45a.jpg,Marie Curie
63f42ef067a51b125e2db694a8a38234.jpg,Amy Schumer
640ddea90b136cacb82c31a82f45a549.jpg,Vladimir Putin
643b05e3d721d27960a73c397066d2c4.jpg,Hillary Clinton
6463eae3e2c0a57978d5a33638bf29df.jpg,Ronald Reagan
646cfb72a609c371b9ac23830dbfac11.jpg,Britney Spears
6471c0b63d38d4d9f18f4ba03f053293.jpg,Oprah Winfrey
6499345f9e87e3863fc79f6a21b13a1b.jpg,Saoirse Ronan
64a9b9d15e0a9d624f8343670b5af9dd.jpg,Gerald Ford
64ba99250b7396be9d2f68ce5054d1b2.jpg,Demi Moore
64c472f9307cb4fd1d6acaa02e1a71fa.jpg,Halle Berry
64d4044e6c62e459c93f7425a63ac4b9.jpg,Eva Marie
64dfc136cee7fdbe9c47572b96552f72.jpg,Taylor Swift
64f250388012800fe0cfed9f7e966987.jpg,Matt Damon
650565872793472759161a2f84eb20d1.jpg,Mariah Carey
651379f59b762be7b68e0279506452d2.jpg,Halle Berry
65182b9ed7924bf9bc26a8b98b9a5b3e.jpg,Madeleine Albright
6539e290828f9d778b9884169762a085.jpg,Bruce Willis
65ae12d4b94aa6319b035269f83d11e9.jpg,Vladimir Putin
65bb0bd938176819509efa87608e2046.jpg,Adam Levine
65e185755c2cffd4423db27546a2270f.jpg,Orlando Bloom
65f337fdc63e3de72b1ef3280c16c341.jpg,Orlando Bloom
660f39d8ed2185933d3467a9882b356f.jpg,Katy Perry
66b774dd20c1f7627c018c7d7bcdcc48.jpg,Amy Poehler
66c3b8528a755a6db15a29934d903e1a.jpg,Jessica Alba
66c53e3f97c5a2d30e47c2568149bbdb.jpg,Elvis Presley
66caf6d582c93eee1f4259092fb77c52.jpg,Julian Nagelsmann
66ddf1f3151788a17bde546cbbd31af3.jpg,Kim Kardashian
670c521ba411360fa21f96b6e0b07cfe.jpg,Nicole Kidman
670d603e433588a5f60a9f8ae28cb0b0.jpg,Kim Kardashian
67835d1ba8f0823d2ae09cf7533f75f3.jpg,Theodore Roosevelt
67ba57563b5ea7323e70afa837f8a8cc.jpg,Bill Clinton
681a647f5e7ee66f618c1c950fc11c16.jpg,Vladimir Putin
68239e213be5b6454e7de80652d79f4b.jpg,Tecia Torres
6826dcc7f17ad86d0683e1c013d71e55.jpg,Eric Clapton
683312055d4b37acc0b049b20128eb8b.jpg,Michelle Obama
684472785e0e9a11343ea55121fcdd27.jpg,Cary Grant
68486e5d7c4973cd81f73e04d083ad26.jpg,Bill Clinton
6897885fde0a17c2a17a2685edb0b83b.jpg,Noam Chomsky
68bfd4b23e961700f6c865eda7b318b6.jpg,Carly Fiorina
68df669041ea20c9a234b2440ba20985.jpg,Mitt Romney
691cf9cef4caf2c315a5178777b24305.jpg,Cameron Diaz
6923b082597805dc91065c35b6364850.jpg,Hillary Clinton
6923c0ef6139920b4a44d1fee2bc2bba.jpg,Nick Goepper
6942e49f2d18168f37f58221c8d1f1cf.jpg,Audrey Hepburn
69b3045fb64b500e1079cb94ecb2ba94.jpg,Philippe Cousteau
69e867fbc7d909910ce017f7a137b221.jpg,J.K. Simmons
6a37a70d29e23057e81fce72972a1a50.jpg,Jessica Alba
6a82156db608eb93163e362e74ad6b02.jpg,Garth Brooks
6aa3eb43d14fcca020453636be661b25.jpg,Audrey Hepburn
6aaad3f4cb7b6284946897a57d637485.jpg,George Bush
6ab5677faaffa7473e4cd7931eb137f9.jpg,Adam Levine
6abc4d4679b44b6391b8f6884328b2c7.jpg,Taylor Swift
6ac8b08912067f70835ac0f4fd1f1224.jpg,Mariah Carey
6ae860756132e221acc8defba94e921c.jpg,Selena Gomez
6af909f6523cb6366134f1c490760df9.jpg,Nicole Kidman
6b4a9bb5f9df2781502963efe0d8de0f.jpg,Amy Schumer
6b60e661c778d5b17b73fcf641f82d31.jpg,John Cena
6b691b4cb48d0be3ff1b55c7770ccfa9.jpg,Kanye West
6b72219a00337b4b87f8e885240886a0.jpg,Garth Brooks
6b8f400595fc40b9dcf1ac22e35b5a40.jpg,J.K. Simmons
6bbead38ff2cb87090d795195c01cf9f.jpg,Garth Brooks
6c836666952db47f1293e718d0471a46.jpg,Channing Tatum
6cebccb84cdb51e830d6f81b3510f762.jpg,Ronald Reagan
6d1065f9be694faeb92be5f1f7b85787.jpg,Caroline Cox, Baroness Cox
6d34557a85d4b9a4755cd432d14e7067.jpg,Joan Crawford
6d403766f4c8467cc77f343973448152.jpg,Barack Obama
6d52a175486dd2d53e1c28816fae42ad.jpg,Elton John
6d531632fa2fecc095719985c36ee62f.jpg,George Bush
6d5e236555777bb62b4a251527977f80.jpg,Saoirse Ronan
6d743c9bd65e4d76247c15018a366eda.jpg,Brad Pitt
6d7f293f383a3205f56056ddc5d0341b.jpg,Amy Poehler
6dcca970db726b67f8aff893bacd0584.jpg,Slim Riahi
6dcdf02cc362739650f674a65434408c.jpg,Nicole Kidman
6de7fcbbb6cf51c089bbe0fbae545b01.jpg,Mitt Romney
6e01f1ce32894cfcfd4609eaa2afe1de.jpg,Nikola Tesla
6e3a0f2cd83923f7c465e83c020bc756.jpg,Taylor Swift
6e3faedb6b4746e8a7ce942172d89fee.jpg,Hank Williams
6e462ccb62504d8c6689f3f917b74e73.jpg,Al Gore
6e9de1075ba562d160bbf9930f3a1efb.jpg,Nikola Tesla
6ee4343b2e78a028ce2f654111bd5197.jpg,Leonardo DiCaprio
6eea79f69607f89de1268d04a10e8c7b.jpg,Sheryl Sandberg
6f01db59de158a28f89ac80a246779a5.jpg,Srishty Rode
6f0b5f601904cb68d78953804ae3bb37.jpg,Kim Kardashian
6f0f5360c89fcdad4b854311cf0641f0.jpg,George Bush
6f287b6f00ff5946981cde45690d513e.jpg,Monica Lewinsky
6f4ef20a500bc412bf44c8c2a8226489.jpg,Daniel Craig
6f6b189b883dea49f46ce40ed14573e5.jpg,Gwyneth Paltrow
6f9063bda4a0d453b98695fda8ecd5a7.jpg,Johnny Cash
6f9d22b736b26139df43156128bc0674.jpg,Ariana Grande
6fb798b22c67a46e0db5183f6ac2b3a4.jpg,Nicole Kidman
70032051527d6406327c1905b091f418.jpg,Bruce Willis
702613c8d5aa3da12550bcbd3d87a169.jpg,Mila Kunis
703b1cff33c44d8f7d1ed46b300281e4.jpg,Angela Merkel
704e91cbd50d6a0f0b3d6e9fc98f852a.jpg,Amy Schumer
70631c0a2f5c4487f1da7f0df4b65613.jpg,Michelle Obama
7097c41e723aed0d8968f24edb287b80.jpg,Mila Kunis
709de0834f10151bfd7bd2955737f7c1.jpg,Sheryl Sandberg
70c482b3be8f4767c32fbfbd2f051c68.jpg,Michelle Obama
70f2de9f8e61c21ee5bb11b0b7d3315c.jpg,Jessica Alba
70f69b0fd82c15ea63c45c8e8f12cabd.jpg,Marvin Gaye
71358787a2e6f60f2cfd704ca29682c7.jpg,Angelina Jolie
717c1dc6d8919d4c4c3a21ed2332748e.jpg,Orlando Bloom
71a380be897fce7c6d2b1f1faf59e13d.jpg,Angela Merkel
71e79782983c18c29365ca22dfe76b52.jpg,Madeleine Albright
71f2afa9923f5e1f858fd9536fc2b28f.jpg,Ronald Reagan
726fe4dea9562aab5b5f247daf19e777.jpg,Marie Curie
7298b3662e67dc828288d50c2868dc54.jpg,Angela Merkel
72a0c0179c7c04c0936b61583fb7a356.jpg,Jennifer Aniston
72a106595b58c30dd078edb3e317f49c.jpg,Kim Kardashian
72dc67690647c385c1bd96fca41f7013.jpg,Johnny Depp
738004101fe7d90c03736aacd5224281.jpg,Brad Pitt
73b2e02297282a9f2e964cbfd8cb3693.jpg,Donald Trump
73c0d4f9117e95f54935926ba6ca21e6.jpg,Hank Williams
73ff83dfb48c5f79395fafb5557b751d.jpg,Britney Spears
7421630d2b4fb8bc878a9e20fb25328a.jpg,Mila Kunis
74434466c4d2b5c9d8bd095d77615904.jpg,Benedict Cumberbatch
7450c2d6a4c0fd5bf4219cc40ae4db2d.jpg,J.K. Simmons
748d9e14034f32ed62715f385d872108.jpg,Eric Clapton
7491a29335e87f639953018ec522a56d.jpg,Mikhail Gorbachev
74920ef827e3c11ca20dea411cd89234.jpg,Ariana Grande
74ccb2c274dba789ceaccf5f2fd3ad22.jpg,Johnny Depp
74d7e265cde988b6812e59d554984f28.jpg,Amy Poehler
74dabf84595272a2409f2554026eeb8f.jpg,Bruce Willis
750013577a7acaa3cda71b770032a045.jpg,Michelle Obama
750705067415f153c7d546bfa66a36b1.jpg,Paul McCartney
753488b2f1537707c76c10016c9b1fac.jpg,Steven Spielberg
758d8a555a3f9063d03ff59dd4e2ae40.jpg,Steven Spielberg
759a6d21d16c33bfdd11ea845cb3426e.jpg,Chrissy Teigen
75afc43168349178c7388d5c554f8892.jpg,Jennifer Aniston
75b3f1ce7b9c767e14e0ed58a1c007e3.jpg,Drew Barrymore
762e86fb1a2e67f977c55a326b09cd3e.jpg,Angela Merkel
763ef9e9062246b6f01d85454e10d2d5.jpg,Angelina Jolie
764137c24e1f4e4a742e3a4572862de9.jpg,Thomas Edison
7696cc295c9416ba94e89a83a1a597bb.jpg,David Beckham
76d6a8c411fe5682cd34296a07a3bed1.jpg,Hank Williams
76e74726768c36c8300ac17a5ec41c61.jpg,Scarlett Johansson
7703926c20cfbaef1528354742a09673.jpg,Al Gore
773cfc6c2c3edd74ebde3f55ce9e5ecc.jpg,Natalie Portman
7746bb856b8d2d7a55d72e0f5c2be793.jpg,Ryan Gosling
77880587ccb0927cf3c9fae0899eca5a.jpg,Oprah Winfrey
77a7f5c8bb53f0c593debfff1214913d.jpg,Humphrey Bogart
77c91556594a38ef8b04845dd4c5d74b.jpg,Daniel Craig
77cd3332ef1c892310096d044e7c72f0.jpg,Mark Wahlberg
77d5a39d2c5acb573d11b90fae456808.jpg,Jodie Harsh
77e9c29064305a8cd39c4460158aef61.jpg,Jennifer Lawrence
782707c5810873e8524ec50ff25dce9c.jpg,Drew Barrymore
7885ebe752eb9e4aaaf2f7a26b38f65e.jpg,John McCain
78a46cbb5def646913509686d97b7b06.jpg,Al Franken
78cbdd2931c392d65e0aaf200d38cd39.jpg,Celine Dion
78ee9275792285a8ba057822a14d4a72.jpg,David Beckham
78f019a5ff7f40c77d671cced7cd5cad.jpg,Benedict Cumberbatch
78fb809875d090921908decc7945d0b3.jpg,Elton John
792c39404ca4c097a798ca8ff0431833.jpg,Albert Einstein
795091562760c6546a930efa976b7fab.jpg,Mark Wahlberg
796980146eaf9c1c7571452925608f21.jpg,Katy Perry
79c7000bc3ef07f0ce6f49fd4a2793ef.jpg,Angelina Jolie
79e710ce14ef2627cdecde1cd25c5e2c.jpg,Mila Kunis
79fcc618e62efa6d71bd650eb0f00224.jpg,Bill Clinton
7a1ba8967e6c2bc4d0731df625355a01.jpg,Charles Mesure
7a450af3feb65534267c6b4854baf8a6.jpg,Elvis Presley
7a71ca67afa508884f48db13366fbfe4.jpg,Taylor Swift
7a745ca186af95d44776a92df5627bdb.jpg,Johnny Cash
7a85becbbc515d00314a29168ee1e735.jpg,Franklin Roosevelt
7aaa2ae2db26a281ae1fc8d8289f2a5a.jpg,Angelina Jolie
7ab0fa8ee5ce277b64e77b3b40f5e464.jpg,Daniel Craig
7ab368f82bf9993ed2c3ba3ccc3c39da.jpg,Humphrey Bogart
7b111df6a2bfdf759d619e5a597491f7.jpg,Amy Schumer
7b12d4ca3289f4b4acbe68d7f3db3b1f.jpg,Elvis Presley
7b1559b30227b0109ea55bf7b261ecc2.jpg,Angelina Jolie
7b285925aef104ded6d68e45a8f4234e.jpg,Cameron Diaz
7b4f3dbe55724ca270493de0af50f090.jpg,Paul McCartney
7b9f50460773180b1ba993823055a9bc.jpg,Orlando Bloom
7ba59995c831df6421e3ad84c5a90c20.jpg,Oprah Winfrey
7bd1c274798d2e982c298258ae494454.jpg,Marvin Gaye
7c07643f2c70e6f901eeb935d4320ffd.jpg,Ryan Gosling
7c22df0fcf488586e9a0185841f12b98.jpg,Emily Blunt
7c2b3342c6958bfef6af6343db102522.jpg,Selena Gomez
7c584e0a91a35c24cef9059cf3eaa649.jpg,Oprah Winfrey
7c595301ef9ecb3eadf1bdc05f04fd22.jpg,Franklin Roosevelt
7c61e0bcbf2665e0c0ac8e01948e5274.jpg,Ryan Gosling
7cc787edab39d70b8f706fbbcc8fd8ca.jpg,Carly Fiorina
7cd38b1eb8244f28daf94d8be6658adc.jpg,Katy Perry
7cd691e54a5ecaf084218b453694ea77.jpg,Marie Curie
7cf1b09cd936998789214f23d50969c6.jpg,Billy Joel
7cffbc9e2d825830bba4ea4cb0303d36.jpg,Drew Barrymore
7d029b6def82122e98fdf34070383961.jpg,Dale Bozzio
7d2e53e509d7073a20fd084515889a4a.jpg,Cameron Diaz
7d394db15313e4ee814ab7dd9e6a1886.jpg,Chrissy Teigen
7d3b62b1a8a6edfad3f6124cb2c1804b.jpg,Miley Cyrus
7d54605d32daf593570e65f06c41fd3e.jpg,Mark Wahlberg
7d82814861470c31b9966bfdc3d760fb.jpg,Aretha Franklin
7db146ce9d0f80d13bf75b30a9485263.jpg,Ben Affleck
7dd3639d6fefa0c0ace57f71b925206d.jpg,Ryan Gosling
7deda4246628deb8b3622d56db5c355f.jpg,Carly Fiorina
7e2e91df5c91f5ceec250ec5ecf03aa8.jpg,Bruce Springsteen
7e32affaa397d13c3bbc9560c30b8fff.jpg,Kanye West
7e7d42a4f41ae7e580ec8c3f53d55427.jpg,Kimberly J. Brown
7e8977df014a6d9bd68fa0a022173168.jpg,Mila Kunis
7ea3fa5cf40689f66b1f2250abde8a80.jpg,Eric Clapton
7eaec06b9fd2483eb2923e8bd9752f52.jpg,John McCain
7efdd1ae0d82c27b9e72f35e93dcb953.jpg,Daniel Craig
7f035000f40274feb049a6c763a1607a.jpg,Nigel Dodds
7f0b0a26cb7bf231a9922bbdbeec5729.jpg,Jessica Alba
7f0f926a4b05a3a80b010a3a132045b0.jpg,Chrissy Teigen
7f20d362cdc558c2f8e3bc3dceecd6f2.jpg,Katy Perry
7f55366604e3d3fd2aa36eda18b0d3ae.jpg,Billy Joel
7f5b69d68b50a34b33685254d73627b2.jpg,Selena Gomez
7f73e76e0ad8cb388a4396232373205f.jpg,Saoirse Ronan
7f9159109af6e01f626229a9e43d1d1e.jpg,Emily Blunt
7feb11951f0bee5ff3fa5f2c3d0cc8f1.jpg,Mark Wahlberg
7fece067b0427878108907140cb9a231.jpg,Arnold Schwarzenegger
800dc3ba2c1e948245ee209b492460ae.jpg,Ronald Reagan
8070f235be41a10306aeaff7e6f7b5de.jpg,Chrissy Teigen
8092ce3920bf58d69f1a06d96e320256.jpg,Cristiano Ronaldo
80a584fcc1c543769a215373c08ecb6c.jpg,Reese Witherspoon
80cc08b71c5ca0447203bb1f8ef0d391.jpg,Madeleine Albright
810cc96bf273427ce8b8275c6eb50685.jpg,Gwyneth Paltrow
81136748c6092b6819ab7eac50bc2099.jpg,Amy Schumer
8116c79ad1a225c5bfb0238ebdea17e3.jpg,George Bush
811969174139ffbb6f9ef548fcab2389.jpg,Leonardo DiCaprio
813899215f300f7b7f6cdaca543c2b64.jpg,Orlando Bloom
81544c2f54ba0d8692666c1bce0949de.jpg,Judy Garland
815697692ef007b638c523971c3f2656.jpg,Sheryl Sandberg
817930304dcee3da8941733369cec657.jpg,Ed Wood
81992c7006296b708b743281c4e9d6b4.jpg,Al Gore
81a0507feec04414ad28a5c77ed25107.jpg,Billy Joel
81afd8d7835c5f61a23cc755fe0a048b.jpg,Woodrow Wilson
81d78d840f65a5df37854dd6ff93fee1.jpg,Selena Gomez
81dd1aa001991dc3f18e57aa39486b48.jpg,Channing Tatum
81ef9272a2278a161cdc4446f037660d.jpg,Louis Armstrong
8202ae6c72221ef7c050e8f5a8002bb6.jpg,Mariah Carey
820347aed5bd675c3375afbd2e1e9035.jpg,Ryan Gosling
821ded5af614c2497b710d292ddba83e.jpg,Adam Levine
82474b2e2979f0327e9eba86fb5ba7c2.jpg,Joan Crawford
827d41cd76b1186e862354968242101c.jpg,Hulk Hogan
82b41fc6c7c819928ad213613acb9b4e.jpg,Cary Grant
82c6b185f8e037a8f53d4931588b6ee0.jpg,Mark Wahlberg
82d36644419d72bce6b069844609fcc0.jpg,Hillary Clinton
82ebbbb46953455f085718530f9276a0.jpg,Vladimir Putin,60
830fd394736536cb9e702538f1d445c5.jpg,Miley Cyrus
83395e7ba89780cc38db652dd0d7ea21.jpg,Oprah Winfrey
833a534153773723b0f976b8f06131fb.jpg,Kanye West
8346f13d443a6ea0a7c59e0b734b616c.jpg,Jennifer Aniston
838fe002e29909623c6eec9a6b6cac42.jpg,Orlando Bloom
83952c2f2fb99ae7752ab562ce2ec69b.jpg,Daniel Craig
83aaeff8271bd9158a666078b5f578ca.jpg,Celine Dion
845cd13f64b873665f9c9aad746771b5.jpg,Mila Kunis
84ac9f1683866a22a85bc62c69768875.jpg,Ellen Page
84d88d1f7dd310fc20bec400825dca6c.jpg,Ben Affleck
84db46c429e93091419d08364f27451a.jpg,Angela Merkel
850fac6068c315c09193355be5e5ba66.jpg,Scarlett Johansson
854672a9c4757a85413b02d515edd78f.jpg,Cameron Diaz
8576799f6bc7cc52db57bb5906e39ca7.jpg,Gerald Ford
858ba33e955380a64c3ae793e9e80c19.jpg,Saoirse Ronan
859cd930751692eecf2cb5a734bd9bf9.jpg,Marvin Gaye,60
85a3301e39f1b2d36b6746cd08ffb8e8.jpg,Kim Kardashian
85acb1fb856c61ab8f7415d4c6bd0fee.jpg,Steven Spielberg
85c5a6bc78589f7816596e29ca8d636e.jpg,Thomas Edison
85d213a1ac8c2dbc09ca9fffdd951db5.jpg,Bruce Willis
860b33fe3730b9a0154e2078b4423ba2.jpg,Tom Hanks
861acf44619f5c51481ac1546e563d5c.jpg,Taylor Swift
86280cc35899265fb8f1417df4359105.jpg,Carly Fiorina
866b8b367df4963d1fa29f56828fecdb.jpg,Donald Trump,60
86893a958bb1516d2cc787636c72bf59.jpg,Ellen Page
8694612d810f18a011bd13938cb5579c.jpg,Ariana Grande
86a6f3a193a8d15735c5ec642a30b9eb.jpg,Ariana Grande
870d5d43f96bc7d6ea7073a45e79ffb1.jpg,Michelle Obama
8721d7d4080752eee6e3bd5c092e0141.jpg,Judy Garland
8738f6d5a4d8f37798a89d8985d583e9.jpg,Flora Coquerel
877aefcfdbdff8ee9ea6abf667973c61.jpg,Taylor Swift
87aabb528cb4621b8741a3e9a42ca0e4.jpg,Noam Chomsky
87ad623ad14749c6b2574a34d1c8019d.jpg,Jenna Dewan
87aea0676d5e98e0564faff6e416234f.jpg,Emily Blunt
87af54f8e42bf9c639e4fbfb24043309.jpg,Jennifer Todd
87b0f95f90833bcb0c769251689ff181.jpg,Drew Barrymore
87c69873d962eedd4a60a8c9cb4d8740.jpg,Saoirse Ronan
87d4169da49e85e9e932844fc1e6e523.jpg,Thomas Edison
87ff4dcb9af3008ef824c859321cb7f6.jpg,Kanye West
8801c110d3f66ab213104ace8520b76a.jpg,Al Gore
8813c8e4aaaebd68c76f5f052ef3877e.jpg,Celine Dion
8823c8773d49760ffd7a0052fa364ebf.jpg,Pongsak Rattanaphong
8852c34f5278b4ec2c6ac313a32d4a38.jpg,Carly Fiorina
8886ceb7b5e89fbdfdf5a68732afc6b8.jpg,Gerald Ford
88a407c3cc60cfb669ac6be8b21df69e.jpg,Madeleine Albright
88cdbe12b90246830c465e26987a031c.jpg,Benedict Cumberbatch
88ce367471e2b32f2fe61194f1a8030f.jpg,John McCain
892478a9d937938554895c805ec6b19d.jpg,Channing Tatum
894338e2e47b8817f984dab625954ab7.jpg,Hank Williams
8990f82247000d6a717f3066a1b1e58b.jpg,Ronald Reagan
8999112c3e26dd3af4feebe933eea714.jpg,Madeleine Albright
8a0eff4c22291ee746c13531fbdf0364.jpg,Wendi McLendon-Covey,58
8a36f1be75d08a148c54a8c9be7b4a1e.jpg,Angela Merkel
8a3b304545d7655b664c11edad89ec87.jpg,Cary Grant
8ac04059b3c88614a0760334b9644592.jpg,Sheryl Sandberg
8af304f741fb802b5eb8b36db4d7bb8f.jpg,Aretha Franklin
8b7598867f5a8de724ff62060ec26f64.jpg,Nicole Kidman
8bd281c36ea5e2278469113e93f5bf4e.jpg,Steven Spielberg
8bdf96b5e25796c0732648eddf77f844.jpg,Mila Kunis
8be0fc2e2f537512698b13c4c6768279.jpg,Amy Poehler
8c159b635ee0b9698dc4faa4352d83e6.jpg,Humphrey Bogart
8c16951f80f3b4020a8003a1f91ab33a.jpg,Gwyneth Paltrow
8c4844a137f2171bb48fc10a5baf5724.jpg,Angelina Jolie
8c570bd46aeb8ccd4c613fa8d97c2bd5.jpg,J.K. Simmons
8c64243995ccd03623a9d66362bda16a.jpg,Bill Clinton
8c6c6c27175da718e9ecc64f81d9633e.jpg,Johnny Depp
8c887125fd86c18f3fea13732ba66cfe.jpg,Leonardo DiCaprio
8cad72e4906f5fdd4f81e91203cd8d60.jpg,Brad Pitt
8cc659d00727a4190a2d3e4c11994e65.jpg,Carly Fiorina
8cd0035958509f9872c83bdd7a3a85ee.jpg,Ben Affleck
8ceb3c0fdbe7af74765b31fd3569d259.jpg,Angela Merkel
8d01f6818dbf03cae27efa5369067927.jpg,Ellen Page
8d50a0b3dc3c87a7203bb767587d921f.jpg,Billy Joel
8d5ddd4c06f6082bb9bf68731042dbf0.jpg,Hillary Clinton
8d6c20da50ca4f4d28659da3548fc8cc.jpg,Saoirse Ronan
8d74dd5b23eb73a03488f135e0974dd5.jpg,Leonardo DiCaprio
8d7da492bb93afe8cee53e2483c22126.jpg,Judy Garland
8df92ae6a7e0a88e85c634eb82938d1f.jpg,Kim Kardashian
8e08056ba60c94416384f5ad058b4d26.jpg,Nicole Kidman
8e20d00a87573d3c9eb62b08d3e8ec20.jpg,Miley Cyrus
8e310702bba0f6a1195bbb2dd79ca4d1.jpg,Katy Rose
8e93bdc66ae609f3d0caa1c63ddcc24e.jpg,Marie Curie,60
8ec92e5435babba639a2aab7cdc9f28e.jpg,Madeleine Albright
8eedcdf09013d3d88f95247af389ad06.jpg,Saoirse Ronan
8f099980e3c4c7fa7849407d87f24cc9.jpg,Bill Clinton
8f3c67490bdc167f1786850991074f85.jpg,Jennifer Aniston
8f3c9f786dfa360638dc824ac95c5c62.jpg,Matt Damon
8f52ae2bb86235f2177345d599601f14.jpg,Miley Cyrus
8f70a5bb2eaa5e39898c6555067f38e1.jpg,Selena Gomez
8f812f05d89f3b01f0206d828ef2d8cd.jpg,Drew Barrymore
8f9f857844ba3ec2684a6aef759a4664.jpg,Mila Kunis
8fb619a0d9aed0d17004ee93c1aab1db.jpg,Hank Williams
8ffcdd5f9e348f35cabaf18538f80d32.jpg,Aretha Franklin
903c63157d0450df47210f0cc9dcbfa9.jpg,Amy Schumer
9072a3ca13dfda61512f6696cfe1925d.jpg,Saoirse Ronan
90a161055ad60b081dc9a6343732915f.jpg,Louis Armstrong
910081309ae0080b12cca84a32944373.jpg,Oprah Winfrey
91021d497a18ff83add8a2e84db2fe4f.jpg,Jennifer Lawrence
911c54c390f5b34277e89cc137170edd.jpg,Matt Damon
9134e49376c37faa504f224b0c923d48.jpg,Olga Kurylenko
913f3a234c639df578abed7643c0ddb6.jpg,Kanye West
915c77724d57e3c34804e3153a7e6e9d.jpg,Cameron Diaz
9165018ece7821f26ce69b263e140af8.jpg,Benedict Cumberbatch
919c8a70c725a11495d1f497425173b2.jpg,Audrey Hepburn
91a7ea1caaf9d182c86177e5cd01b483.jpg,Vladimir Putin,58
91c8e60a57d9aaf60dbf9b8105aad881.jpg,J.K. Simmons
9235bf65e188a0947bd5ee82d5d160c4.jpg,David Beckham
924d5d722081bb260acce2fcbf061c9c.jpg,Matt Damon
924e085ded20ba690c6fefcb8d38ed87.jpg,Franklin Roosevelt
9275cee0419565ac9bf742d5e94f2b03.jpg,Kim Kardashian
928f043510de914987666b64263dd32f.jpg,Taylor Swift
92aa0f38ad0fa7b04ec87b7d53fd680d.jpg,Oprah Winfrey
92c468660ca40344224907abc165d348.jpg,Matt Damon
92cdd2f4eb301a032d507dbeeed22e2c.jpg,Carly Fiorina
92dba165d335ba6097193885e5bc20be.jpg,Saoirse Ronan
92e0418ab46d9ac4d928fa3774156720.jpg,Sheryl Sandberg
92e2332e1c8325ab38dcca94e36fa28d.jpg,Paul McCartney
93344765136b15efb6959565f4eed7c3.jpg,Audrey Hepburn
93523feb96de777cd3170c422b21aa5b.jpg,Natalie Portman
938df0b16c4fcacebab203af6779f7d7.jpg,Cameron Diaz
93a9919469fecb07e35dbffbe0a4a30b.jpg,Celine Dion
93ccb7de59afe479a325af88b33d39ad.jpg,Madeleine Albright
93df6e5c9750e6e9ea223612ca8a2425.jpg,Lady Gaga
93f53116e5c8b218d753b52736ae349e.jpg,Woodrow Wilson
941b25e419da5a2f9053f58def2c1580.jpg,Al Gore
946eed90618add581cee3ab5167db4ca.jpg,Donald Trump
9480ddeae0146dcc4bdfeee23c1abdb4.jpg,Scarlett Johansson
94b3efbf27918177fbd64f211a361aa1.jpg,Ryan Gosling
94f596a4aedb29b28245ddd70fd965b2.jpg,Kerim Tekin
956fc905450232d638d8786782f2ba81.jpg,Channing Tatum
957408b560099e8a519641526703e90b.jpg,Audrey Hepburn
9595eddd25b6b7e184ef47345dc98ec3.jpg,George Bush
95a40136fb31135ef72c5a1c9bc53ed8.jpg,Sheryl Sandberg
95c1116429641669d6412e4f4e77d943.jpg,Nicole Kidman
95f502b8619230e2e39b3accffbcc09c.jpg,Brad Pitt
95fef0fa5e6998add3f889d0c50afcf3.jpg,Kanye West
96057be30dca1a65208995d107f252f2.jpg,Steven Spielberg
960cc92c77e00cb6ceddb811ccc1aa72.jpg,Saoirse Ronan
961529154af3eb5080081840c114058f.jpg,Mila Kunis
9660587964d31cf15bfeacd4ae742188.jpg,Sheryl Sandberg
96aebd6fd4059cb0bcc68d2c503ef778.jpg,Arnold Schwarzenegger
96d0f3f20094ba866d8531947902e102.jpg,Jennifer Aniston
96f03fcb045efd740ff4e8f4d617385f.jpg,Bill Clinton
96fcf2d71e82d0c14e7d2a6ae03eacd7.jpg,Adam Levine
9770ae77a59ef75adbda8763908e6f42.jpg,Ben Affleck
9789e84b0490a598db53b6178702f7e2.jpg,Ellen Page
979177f08511e0cfe9704ba26d16e2f7.jpg,Tom Hanks
97d0594b958ed896d6a35b61941a1437.jpg,Gabrielle Daleman
9810d63b277c332abc7b3a183abf1fae.jpg,Ryan Gosling
9838b8410407dc3eea3b6b5b133ad95a.jpg,David Beckham
983a081b6a0b646d1aa3a17285f28109.jpg,Halle Berry
983dfb5958b7353818117e8646e0cbc6.jpg,Ronald Reagan
98463e35b63841e044251a4e8f3902df.jpg,Adam Levine
98649123456f31a5e38469fb9e9c3600.jpg,Mitt Romney
986b0b0877069eacdd931ee695ebe14c.jpg,Elton John
98a04fda0054cf6b44d0ae4f98c7d217.jpg,Theodore Roosevelt,60
98a3be25427b3cb9bf71a6bffab2c98d.jpg,Kellie Leitch
98a73298c219d9088d40ae5544743f15.jpg,Halle Berry
98ae340d52772ca8bcf47531cec227a0.jpg,Mariah Carey
98f692f400ecf95c05a96a09c6e6eacf.jpg,Taylor Swift
98f8f3ddd0018943a9e41d8efb87c5f1.jpg,Daniel Craig
98f9c2acaae43aaafc8584da4a4b85ab.jpg,Angelina Jolie
991fc37c387ffaa94103c524a6ee79bd.jpg,Natalie Portman
9933b3d1e4d992f140cded8f4431b1a6.jpg,George Bush
9934ce48f7d4f8245b37afa249abf136.jpg,Al Franken
9938685db66e4acf22cb26c7785a9c30.jpg,Theodore Roosevelt
996f4b0ca85d2dadeacf2bf6dd5530aa.jpg,Audrey Hepburn
99a4ee5dc3d622672d3c52b46a24d724.jpg,Eric Clapton
99f75a059b6a69fdde65461a21021645.jpg,Emily Blunt
9a114e2514396c8c4a49c79a3f1be2ca.jpg,Carly Fiorina
9a1d32904d6e754a8d20605b2996793d.jpg,George Bush
9a79f8506edb16c65604d49bcb6a53f5.jpg,Judy Garland
9aae5a1218fe37c92c6e535862aa9047.jpg,Garth Brooks
9ac2e0e97e2e06f32a01f242a3f71cc9.jpg,Mila Kunis
9af86ca40702d61e7ffa75ca69ef2bdd.jpg,Cristiano Ronaldo
9b8871a42315281666e6c79ecd79cd14.jpg,Chrissy Teigen
9ba90f488ea46256dfed6e4f4e5c6730.jpg,Saoirse Ronan
9bad92546d4ad4b7f9fdc3cc90665139.jpg,Bruce Willis
9bb4a205a471df7f4e6040518ffe6175.jpg,Leonardo DiCaprio
9bf302736ba34fa774a863fc029c052d.jpg,Elton John
9c4cc719b9eb940c60c704ab97078914.jpg,Mark Wahlberg
9cbc4e0231be50ae14655b3a80f96e64.jpg,Frankie Gaye
9cceb260dceca8d5644368b9493df3ce.jpg,Scarlett Johansson
9d119972165017a950bdac551ab83d08.jpg,Brad Pitt
9d6068f5f8e5c4a870eb1b6d8776341b.jpg,Benedict Cumberbatch
9e2dd6ac9e0397b5986981676a3ba73c.jpg,Emily Blunt
9e641b6c29a605bba0d72a7c16c35f10.jpg,Reese Witherspoon
9e759eb0e63552e2f9c8491b57b96017.jpg,Leonardo DiCaprio
9e8df50bfe7e62e1b3bae187605040f7.jpg,Matt Damon
9e9a6c67b53fd5b932ece103c6ee5d1e.jpg,Bill Clinton
9f3d1faaacaf6c9093b434dc809448cd.jpg,Michelle Obama
9f5083a3e09b6f309295e3090c75159e.jpg,Jennifer Aniston
9f8042256712a50a5bd79b2d460057bd.jpg,Mila Kunis
9fbc2a73ee5f2035692947624c48ff1e.jpg,Mitt Romney
9fceeb29876c3a1f52c061d2c8f3d1c1.jpg,Orlando Bloom
9fe82d7019f5babdd4c8989b71ec17d1.jpg,Sheryl Sandberg
a0224c9bf48246fa7852fc8db6f45923.jpg,Cameron Diaz
a09ca267c61e36a73481e969f55f12a9.jpg,Amy Poehler
a0af76a2fb4fec95f0dba11798ae27c9.jpg,John McCain
a0ba3904d660364e705cf6eaa9a46d2e.jpg,Ben Affleck
a0d42b9f635ae081d557fbd4d8f3b16a.jpg,Hillary Clinton
a1069a466d5121726e7ab8038ee37a2e.jpg,Judy Garland
a10cd2c34b58b9c4bbcec3dd7b6565c1.jpg,Mark Wahlberg
a1584e978db15b223ff6e3c05d5f9cf1.jpg,Bob Dylan
a162a6be16e17a9a68a45986faf6a375.jpg,Mila Kunis
a1a148fc80178719efd3ab96eb8bc06b.jpg,Demi Moore
a1de5e9c8f9138bc3e678339477fa4a4.jpg,Benedict Cumberbatch
a2322ed3f15a8262e780d03656ced9a3.jpg,Amy Schumer
a2d3c1762041dc0690aa55b7e666d7dd.jpg,Petra Stunt
a2e4c8aa865872f9284c4eb229d6c5cf.jpg,Mark Wahlberg
a2f0b3a19ce7be3f7c2e61e3522fd810.jpg,J.K. Simmons
a30cc997161211c05b396ce7f934cfbc.jpg,Kanye West
a31ead31a17ad640d5a54ae3a1cd5aeb.jpg,Emily Blunt
a32cd759692f0974392eb3dc6ba18ca0.jpg,Orlando Bloom
a3665c277a3985dd3682038c547020dc.jpg,Oprah Winfrey
a38d61c203aa691893a5ec9c84240164.jpg,Thomas Edison
a3a5861c85480b2a139c162bd0b95e2f.jpg,Paul McCartney
a3b0a493e4a60792c6ef5326340b934e.jpg,Judy Garland
a3cb42d3310cab95f4e3fa0441b9afdf.jpg,Barack Obama
a3e8dd1c0debf606e35a6fd16043281e.jpg,Miley Cyrus
a3ee96e6b6b19f60d91497354dc63c61.jpg,Demi Moore
a3f2ad96667122f63e52274b36826710.jpg,Ronald Reagan
a40016738bf11ea4d12d3991af09f117.jpg,Benedict Cumberbatch
a4095b523c86088093e40d529cafc341.jpg,Cristiano Ronaldo
a422c4fdd39bfb1cd050e2ffc499d69a.jpg,Hillary Clinton
a4278a8d9803f66647bd2c15f2dba2e8.jpg,Vladimir Putin
a4aa42d5d15482bf5e1b382cd75ca65a.jpg,Celine Dion
a4cf910e72cc7fc42868b36eb8dba985.jpg,Selena Gomez
a4d14b80abfd27884abdfe635ddb30f8.jpg,Kanye West
a52ea693ae301ff8946af6c1399f3de0.jpg,Meaghan Rath
a53e0bdcde93a3e52e294b6d995bce87.jpg,Jennifer Aniston
a5490988313ed4a04a9c8991d4b6b46c.jpg,Elton John
a5656949b767a5f4890e6d1e80712d3d.jpg,Oprah Winfrey
a59250ebfe4c39ecffd45ee4a3cb6382.jpg,Al Franken
a5af925945770b09d6d324d5e0b05bac.jpg,Daniel Craig
a5e87d8a995779832d5d631068f60a5c.jpg,Bill Clinton
a63c1236604726584df6c21eee13b6cd.jpg,Albert Einstein
a644b100c5a321f06978b84ac35c4f89.jpg,Amy Schumer
a64753f73f89af594488305bd30a1392.jpg,Gwyneth Paltrow
a661ec546f0cdcda6c45e302e772ad91.jpg,Madeleine Albright
a6632d070a1bd0ba97c3cd2897abbdf6.jpg,Elton John
a66b0fe37fa7ce662721d95f6491e5ff.jpg,Mitt Romney
a6782a6f908662cff4c67172c5a0d3ab.jpg,Katy Perry
a67e0a307004c4a43f42f681eedfb799.jpg,Saoirse Ronan
a6bddb8f6e1d175a7a67ac81432c0d23.jpg,Angela Merkel
a6c5b00f36da596c2295f0baea181440.jpg,Amy Poehler
a71861fa3b434af04b067fe1fa4abba0.jpg,Nikola Tesla
a7205b25d611468669665e9e6577f3fb.jpg,Taylor Swift
a73ee048d7f503d1cd4a45ed3e4a9f40.jpg,Drew Barrymore
a76329908ba248cbeeb1279195bcd483.jpg,Britney Spears
a7d3e0321ac87d67eda59de3226f9b11.jpg,Orlando Bloom
a80b16e5fd47d4f4fe366e33fc0a7907.jpg,Katy Perry
a8346a7d8b606c84c893fcf38eb053c8.jpg,Nikola Tesla
a8355819dadde67c93d5d4d4f7b18c57.jpg,Chrissy Teigen
a851156641c998194f55b1de0b631a56.jpg,Mikhail Gorbachev
a85d635f9e5c9f855390d4f76108d204.jpg,Garth Brooks
a8b444f8b634d825856f7dafa3751fc2.jpg,Amy Schumer
a8dc70be983a3da7ea35e9ea15c242b1.jpg,Garth Brooks
a8e270b96a67f81dda2e92a0d5ded031.jpg,Jessica Alba
a8e3b9afc0e3fe7192c938510d0d3046.jpg,Adam Levine
a902176947090af26f4112c04155f452.jpg,Orlando Bloom
a92fc526f9705d86867246d7a1fd71fd.jpg,Matt Damon
a9319d044ae6bdae3186e61ff4f16485.jpg,Channing Tatum
a989375f28fa24580f53601f7a4064b3.jpg,Aretha Franklin
a99f6590744f3609cd410f3578a55774.jpg,Drew Barrymore
a9a8891dcd30dc25defcf5bded0cf0cb.jpg,Sheryl Sandberg
a9aee5e23ace8537c8a10bdc27601d54.jpg,Albert Einstein
a9c6068eb6669670b185f00e1972075b.jpg,Cary Grant
a9d84b095b45767185ce70247a51998e.jpg,Cristiano Ronaldo
a9f83654b8dfa5473a9bfd09b0ea604d.jpg,Judy Garland
aa00352e5fd4deaee5a4116511799d4d.jpg,Jessica Alba
aa39aa91b858e4aa227aeb9f268c057f.jpg,David Beckham
aa61f40a3476b96dc5089bd8e7c0678a.jpg,Hillary Clinton
aa82f1f5c8bd428c427280562d001edf.jpg,Theodore Roosevelt
aaf5548ae16ffc20d0e437c353335ad4.jpg,Chrissy Teigen
ab01615fcd0d569a37dd46fa3a3bf88c.jpg,Barack Obama
ab139174f8dd71d57ea7a3ac4f9f19ab.jpg,Cristiano Ronaldo
ab286f5cc429a8cc083652d202919936.jpg,Chrissy Teigen
ab5123107624a12373d91318bbdef484.jpg,Marie Curie
ab6bd558feb3ff5b0c02c71a8d91f60d.jpg,Channing Tatum
aba1ce78f87d72ce07e4fc7e2191a8fe.jpg,Reese Witherspoon
abbb96fadc3aebf4f1678e2f5d7d2c81.jpg,Mathilde Santing
ac09258cd54944859b2ec069a38d128f.jpg,Emily Blunt
ac46bb6a41043497ec81a786e66eae91.jpg,Noam Chomsky
ac57b498db7f5e5047003d43e0fcaffe.jpg,Ellen Page
ac7bd3aee4adf6d3a88edf5c09eac4b0.jpg,Cristiano Ronaldo
ac99a3ef3fd595986f7063be23371ee3.jpg,Madeleine Albright
acafa5a0c023ee3e3b7030444bcf8d66.jpg,Nikola Tesla
acb4820470963c33f45b3e0457a51e96.jpg,George Bush
acca6bb284320a9a7e387c4ce43fe96c.jpg,Dita de Leon
acd87c379d6d8f2429559bdcf7e6d458.jpg,Celine Dion
ad39039eb4426bd5674d0414cecf0b1f.jpg,Carly Fiorina
ad465a374d9ef0bb144486b1fc420e26.jpg,Kim Kardashian
ad486faa38692f63730c0046320132ce.jpg,Chrissy Teigen
ad6065d9b2bca3843f8180b0c59db048.jpg,Al Franken
ad84e89412c43c06c06858ef0a6336cd.jpg,Gwyneth Paltrow
adc02c58054895af192dcec6aecf6eb1.jpg,Ellen Page,60
adcfee7105106aec71d5dcc0e7618457.jpg,Ellen Page
adf1ad2784f14ebc7ad6d3072f35df55.jpg,Ellen Page
ae31c5f0fc5023ca5e872130a662bd6a.jpg,Cary Grant
ae56638a97578a43547c9ecba5d11c21.jpg,Elvis Presley
ae657b04a46aa13f4d12908b86755670.jpg,Halle Berry
ae79e28a76b637d11e62b095a2f7b42f.jpg,Brad Pitt
aeafb1466d4b97a6a2b9da026991c7d4.jpg,Phyno
aeca0859c83ccf570045fa9fcf556c4a.jpg,Carly Fiorina
af0e3e275240f4c3fcfd65437ee6b5c4.jpg,John Cena
af251e830ee135d55f87b71adbc7870a.jpg,Bob Dylan
af7edaa5d45bf8f38a8e2edda8481629.jpg,Cristiano Ronaldo
af9a1ef5f5d0c99dbcec81cf28952788.jpg,Johnny Depp
afa35d7cb45947d1140dc1c493affd9d.jpg,Joan Crawford
afb40c3db4c5b9808d805ed707ffc767.jpg,Aretha Franklin
afe225d69afab8945739f0289147ea09.jpg,Ellen Page,60
afe443b59877ee6263cb84021b87914d.jpg,Nicole Kidman
b00185c3ebfe4a4ff2c02294f2fd8284.jpg,Humphrey Bogart
b043a12bc0848c1cc76914186044c6e0.jpg,Garth Brooks
b04df32c90a33dfa06b50fd87f49d4cb.jpg,Ryan Gosling
b04e3b8adf0342af0d7c3788259aca5c.jpg,Louis Armstrong
b050420dd794be49d3841aff10f20194.jpg,Judy Garland
b0928e63f65bfef1874ee4e2338bf3f5.jpg,Albert Einstein
b11cfe78b8794178c7850e598f82bee3.jpg,Marie Curie
b12127823355e06ae07f0419a2380a3f.jpg,Scarlett Johansson
b123f9c262899b60477337771911113d.jpg,Madeleine Albright
b128b90ef721c8ad6d673f7b8821130e.jpg,Michelle Obama
b12ec3cbf393afaecaf6f61e88c427ed.jpg,Madeleine Albright
b148457704717b5a9eaa56fea8a186a4.jpg,Jessica Alba
b1a20d332c96c03c94f7e0f3633fc0cb.jpg,Emily Blunt
b1bc21f2e8d3b53c49f565961667de50.jpg,Petra Stunt
b1d15c05f126da09cb4adefb67d34190.jpg,David Wells
b20992f0960411214a195a058d992666.jpg,Albert Einstein
b2158197e4b097cdc8814d378ddf6f6e.jpg,Bill Clinton
b21b6af78d6ff8d825a01b268b9031e2.jpg,Halle Berry
b222cbc20768bdec3e0ab69d8e4e8583.jpg,Al Franken
b22f82867e2ed74e6f6afb3f1adf8fe0.jpg,David Beckham
b235bbc040d6cb46e8f7fdb347de12f0.jpg,Reese Witherspoon
b255da450e8fc924d9714374a1b3bc1d.jpg,Ronald Reagan
b270f0c14f67818265aa0b01645a4ce9.jpg,Reese Witherspoon
b294921a94fd4492593523f911028adb.jpg,Saoirse Ronan
b2b33bbcb924c90a56a626d5565fb1c6.jpg,Carly Fiorina
b2ca2e7df84f8d842cd7aaa717a4c448.jpg,Zooey Deschanel
b2e392a38a9625f68b20d472cfa41666.jpg,Katy Perry
b2f0d05d79cef48c78d4483e4b2d5c7f.jpg,Oprah Winfrey
b3307de91ad531e6ed3d9b48e9da9443.jpg,Hank Williams
b33895b4875909964e433bada09d108e.jpg,Tod Machover,60
b352717339bdbd38988687b18dd56fce.jpg,Ben Affleck
b36a672ddf60df672f5dee4a936407b8.jpg,Oprah Winfrey
b36db3c84a32e4a4a3bbc154b323db04.jpg,John McCain
b39e190d25839221fa29033e00440b72.jpg,Arnold Schwarzenegger
b3bb779168ebe949ebe93bfbb02f8924.jpg,Mitt Romney
b3bdd10cad8b7a6e5e07828e92d14810.jpg,Barack Obama
b3ce173a9b28e9acbb91ac6d547dd483.jpg,Angelina Jolie
b3d599fb9e397230be5e066812e33594.jpg,Cristiano Ronaldo
b3de7bfa9a76c4d67b3640606c1c2e3f.jpg,George Bush
b3f3e489ae12b4b3c44415d886504962.jpg,Kate Siegel,60
b3fbaf34ba647723a932575f81d9287b.jpg,Madeleine Albright
b41b3a201265221d61eed0e6a65e4e8d.jpg,Ben Affleck
b4234c5c553ea23c99347bc2b4e895bf.jpg,Arnold Schwarzenegger
b4412ddb311db517d532f3b2ab2ea1c5.jpg,George Bush
b4677e499bc55f5ceb72ecb65cbc1834.jpg,Tom Hanks
b47ab906fd4eab36ff81a925b525da89.jpg,Kim Kardashian
b47d92cdb2bc0ccb2791ff5aabae0e1a.jpg,Audrey Hepburn
b4b7efd3dc500b6979ede4103005353e.jpg,Benh Zeitlin
b4c0a920842c948f84d4198553dca9c7.jpg,Daniel Craig
b4d86fc06224beffb3a6f6e5deabdb18.jpg,Hillary Clinton
b55d15c700a1f61da19091ab44474ea3.jpg,George Bush
b5f3a9ee2914d464cd8a3328010d8af3.jpg,Gwyneth Paltrow
b647218b1b713fe6655fc1600e010da2.jpg,Judy Garland
b6498d2d5dc84b54b22d0e36e7ea953e.jpg,Orlando Bloom
b6589b47cd4cd5b68ec1f6a439d2bc34.jpg,Lars Ohly
b65b567ed331b6cf768ab9fd4cb49bf1.jpg,Nicole Kidman
b6617e84faac0b2574cac6a52f0ab3a5.jpg,Ben Affleck
b694c5713a69468b70285e193124cec7.jpg,Gwyneth Paltrow
b6a792012af46eab6ac1bd5017744831.jpg,George Bush
b6c0ff75129a74f1333c895398195718.jpg,Cameron Diaz
b6d34bd0b5b5c6668382ec5907924aa7.jpg,Judy Garland
b6e286a8423316b1ae5293fa309bee99.jpg,Sheryl Sandberg
b729bf78f97480b73bd7d87e1cadff95.jpg,Halle Berry
b748d32bb31700dc1221d186d9eb3656.jpg,Bill Clinton
b754017c0f0cc7022eeb7dacedb5cace.jpg,Woodrow Wilson
b77b223295b3f02191adcab4e6dca291.jpg,Elvis Presley
b7cb70801f18137839cd534babafa5fa.jpg,George Bush
b813ee78e74e54fe1151fb7fe43bd2e3.jpg,Woodrow Wilson
b83078f4191f653b0c37a54737d6022d.jpg,Mark Price
b83288288dc3b1e342e86ff59d4c8515.jpg,Mikhail Gorbachev
b8655c126b391d58aa21c96c234fef31.jpg,Elton John
b8b360a9a511d667e407d88c8e985a13.jpg,Cary Grant
b8d29c76ee8e3859d9dfb688969cd554.jpg,Bill Clinton
b8d3614af9c415b45ee50612bf66d1e0.jpg,Gwyneth Paltrow
b8d6f5690fcdd260d4eda195b3e9a3c2.jpg,Tom Hanks
b8d76ce93ca838024e6782d4675e8cc3.jpg,Garth Brooks
b91b9049a80d0a314f7c9d7067ad277e.jpg,Chris Murphy
b91fc25c0e4261c537ec2428ee5db970.jpg,Benedict Cumberbatch
b928b5f3bbabcd8f056f4b2c4fa543e8.jpg,Nicole Kidman
b92972d41bf60800faaeb1970957bc47.jpg,Joan Crawford
b93e5120ed91bb5a4de437fd5f595fa9.jpg,Nikola Tesla
b9560bbdc90506cc645d2700adae164f.jpg,George Bush
b9723dd666af4c73ce33036e3add5640.jpg,Amy Poehler
b997401325eee7f90f5620fcafa7fa75.jpg,Marvin Gaye
b9afdc02193ac838c241df4874dbe061.jpg,Steven Spielberg
b9b48c471fafdd65e82792b0d94e744c.jpg,Sheryl Sandberg
b9ba2fc052c132c0b21160b43df57dd6.jpg,Jennifer Lawrence
b9ecc797f347268fb5bfbafb578e16aa.jpg,Orlando Bloom
ba0bb5c69eb95246f5a8369bc5803128.jpg,Reese Witherspoon
ba0d08beb2afb02a50ce4b01bc0867a1.jpg,Jennifer Aniston
ba6baf4f12aa689ef76029bd9924de93.jpg,Ben Affleck
ba9979c7db19dd7e072ecea277a2ce24.jpg,Benedict Cumberbatch
baa26b5ff228829a1423a60bb04067ca.jpg,Al Gore
bac3ff7f166f7fac9c1e76167191f755.jpg,Manisha Koirala
baefd3cf29f1c9500c72eab22c5da6dd.jpg,Marie Curie
bb0cf9a7d36f3f847af0b977a6a81121.jpg,Mark Wahlberg
bb285f16ba7c7e6f9a129734258bd679.jpg,Woodrow Wilson
bb6bf8da8e472eb714216c9a1f36d691.jpg,Mark Wahlberg
bbcb9b59cd0ce1ec7c5fa9e0f26b110c.jpg,Ben Affleck
bbdbccaac3e8d23bca04892cbfe2fce4.jpg,Chrissy Teigen
bbdf8a8f1fc35f92534e264c15370b20.jpg,Vladimir Putin
bbf17ac733a7d4a18265063146fc9703.jpg,Noam Chomsky
bc5c037f93e40e3138ea1c2ca6f8abea.jpg,Michelle Obama
bc94fbf5763abbd5902086c53b11cda5.jpg,Marie Curie
bcd40d1f5aa7314a84eb6a3e72d22a7e.jpg,Al Franken
bcfca4592367d3b133c44250ec0501e7.jpg,Marie Lehmann,58
bd53b183810ac98144c679ee97d75d40.jpg,Aretha Franklin
bd5e0e72c8479d160a7ef9284357c308.jpg,Franklin Roosevelt
bd5ecf5d5a8d5cc847035936dc656c58.jpg,Sheryl Sandberg
bd640f08999104a3a3adf610a4663f6d.jpg,Reese Witherspoon
bda26e6ccdcbac9edc2d8cf80004b99e.jpg,Daniele Vicari
bdb70f28c34a67c2e80af06ae2c316ca.jpg,Oprah Winfrey
bdca76e02673cbea87464ebc73ef9f86.jpg,Benedict Cumberbatch
bde06b79f0f0111ccfa245c749872952.jpg,Ellen Page
be03f60dd0afa41560dcad54d1a6ccdb.jpg,Celine Dion
be0d980056208c61e836498d17df23e6.jpg,Halle Berry
be17ee16a5fc5fbb66777ceb48b31f3b.jpg,Britney Spears
be46217a0110bea7931820ed9457687a.jpg,Scarlett Johansson
be7dc77a3585e271ecf6758d589e0e6b.jpg,Ben Affleck
beacc89ccf0198a46ecb2f44807f69c8.jpg,Amy Poehler
bf31a8c47d285466281eca790ac03cf3.jpg,Mitt Romney
bf754c6fa5a094c6c144f94513abcc77.jpg,Haley Barbour
bf85e4982f5cbba2bbf7fdbf4618f890.jpg,Orlando Bloom
bfba56093e1874c424ca093c30986729.jpg,Michelle Obama
bfd89b1d3b5ef11a4eb61a5208d51ad3.jpg,Tom Hanks
bfe6d9b86c5c22b1e7de81d863a9734a.jpg,Matt Damon
bff0d8648cf52067c58568986e7f21ee.jpg,Steven Spielberg
c00c8433dabe4a26be0b3fd901400e86.jpg,Bob Dylan
c017e2acb90838f05c699b2613c056ba.jpg,Kim Kardashian
c038ef9ea8a7c30d89dbbd5435e5580d.jpg,Madeleine Albright
c089132aa280ad630c0b4a39ec5a8c66.jpg,John Cena
c097a9e3c841aa57524f1746eecbbb34.jpg,Angelina Jolie
c0ccb6a0a8baaf8c24e7015083bd8ee7.jpg,J.K. Simmons
c0f5fbb43b7630e2b90a4a7bfb6a4f1e.jpg,David Beckham
c131a92ed43bbd078b342d276a6b5c10.jpg,Steven Spielberg
c146258236b1b8b0c7afc838030e8530.jpg,Celine Dion
c166f18691b5232ead3d7adefbdac3a1.jpg,Donald Trump
c177e4cb504c133791b8780430837f1f.jpg,John Cena
c180b89bfd769df6c0b64ee80b067d48.jpg,Taylor Swift
c1bf1193288031f881151b6ecb9d2afc.jpg,Ben Affleck
c1ccd0761f015000ccbef27ba7c23d23.jpg,Mitt Romney
c1ce4d3e370abd619a5a32a43df63c50.jpg,Jessica Alba
c1fe7bdebc0a2fb316af64f392a99a15.jpg,Amy Schumer
c204324027d6aa2fd41a7483fc58a5d5.jpg,Jessica Alba
c21cccf2b1c7bc585ea8e303d8e18766.jpg,Gerald Ford
c22a224c7f8c15ac8511ec0353216b6a.jpg,Saoirse Ronan
c26add2bf49274b75fdb3bedcfac73f5.jpg,Ariana Grande
c27b6b72bc987126ca8bdfc1d278983c.jpg,Emily Blunt
c282f71d7a1fb496e6dfef9687458e1c.jpg,Cristiano Ronaldo
c29191856b6d3adb07004f852b2054e9.jpg,Judy Garland
c2a35430221526aded79663c294a16ea.jpg,Eric Brewer
c2b21e4add4453fee3c51333c48a9e8e.jpg,Channing Tatum
c2ce9040674da9243bbbf1f3476367e5.jpg,Amy Schumer
c2f4ac192c070ca4c10aa0776f354dc7.jpg,John McCain
c2f78c04369202c6b1c0ff9d1d8822fa.jpg,Selena Gomez
c323993ee55597f58e42a966fe13cb82.jpg,Hank Williams
c325e262197063a33a9e9bd786d9b6dc.jpg,Hillary Clinton
c33d4eac382a201b72d42ed28bc5ba5d.jpg,Mark Wahlberg
c358309964dda0a2680d97235790698b.jpg,Nicole Kidman
c37e435298e9c9c0024ebdbd0ed92375.jpg,Kanye West
c382dd3c6f173e4e2cb31247075e2236.jpg,Romee Strijd
c3980b9586da240b92c1b0d94791a0a6.jpg,Jennifer Aniston
c3a8406b8a9e7996b4c84ec7640912e5.jpg,Bill Clinton
c3b240e2b83a21f8b2b9db4967c540ff.jpg,Sharon Needles
c3c0ceab65c4b133713c9adfc22c52ff.jpg,Ronald Reagan
c3da86b35b258e8276594ff90ee82cf3.jpg,Channing Tatum
c3e5c6dc81b291f31792ee0352db9922.jpg,Hillary Clinton
c412e64444b6bc10b74ee1dc0b2f4853.jpg,Drew Barrymore
c43b2140dfdc37f117bfba63b58c5f9c.jpg,Woodrow Wilson
c43ea5df52337bf358e8a5b8bd52724f.jpg,Katy Perry
c457ab2c6ee6c4c0df78116fdb1d7ff3.jpg,Nicole Kidman
c49bd7dc2d29484b3d67259f82f57008.jpg,David Beckham
c4d6487674a386157113a892298e3eac.jpg,Jessica Alba
c4f5def9d2c80b78beca40011d51b619.jpg,Natalie Portman
c51762c3fd31706817beaaeba9445a86.jpg,Orlando Bloom
c5269d0a9a8129b00596fb25a9c626a1.jpg,Judy Garland
c5827b48714d3465a0f99f42976bec74.jpg,Matt Damon
c59f84ea27c8b960bb06ecff69c1b3bd.jpg,Jessica Alba
c5a1ba33f394c104ba493c5ae05ddce1.jpg,Vladimir Putin
c5d0d59871d02adb06f36c80cc245c7d.jpg,Billy Joel
c5d0e6eaca554dfedf3a7dd60592deaf.jpg,Mitt Romney
c5db81f2108073e39109d1dceeac390f.jpg,Celine Dion
c5fa60274d48735312a4ab9ac1f0173a.jpg,Vladimir Putin
c5ff5e53174f3b4d65885553751d1876.jpg,Nikola Tesla
c62f50f542d2a38ab18b14b5b8ece278.jpg,Michelle Obama
c6665e524c28bc607c47f53b964c5c27.jpg,Theodore Roosevelt Jr.
c6670235ce046d377a79252a5340f4bf.jpg,Joan Crawford
c6af3ce101e1c1d7a7efb4caffd3ae70.jpg,Gwyneth Paltrow
c6b14b7bd56615f43e980761159778fc.jpg,Paul McCartney
c6d23a866eac5caa954b4aed97ffe635.jpg,Jacqueline Foster
c6d6bdee3621a6bfe8b13f11379d1748.jpg,Marie Curie
c707dd615e6d88986d287a2b6ff880a0.jpg,Halle Berry
c72b4f41fa7c2b827adf852cf144f2e6.jpg,Franklin Roosevelt
c7626da5ea32d9b087e993eea71b1620.jpg,Jean Genet,58
c783c480fd0b1986363ef3f81ac4c3ce.jpg,Mariah Carey
c7f5c3a6090774c1539e0e560b884518.jpg,Sheryl Sandberg
c810a58eb481a1a659f532280e97856c.jpg,Selena Gomez
c8200b13fe0e32f8c83fa3b376e741c4.jpg,Tom Hanks
c83105e80d072d72ababaf60ab1d3d74.jpg,Louis Armstrong
c836cb8e647e202a0560212ce6feff08.jpg,Ellen Page
c85425709924ba651e004c167c60b9f5.jpg,Donald Trump
c85ee34e88b6c410bebd33a62f6842f4.jpg,Gwyneth Paltrow
c86ab40ccb6e6d71f3792c55c8e323b7.jpg,Elvis Presley
c8955b7bfc3c3c90086f38f7012b26d0.jpg,Gwyneth Paltrow
c89d6137d1921657c0c46c804b0fcdf7.jpg,Celine Dion
c8a108adfd4ef8c2b4ba159855ed4556.jpg,Marie Curie
c8a9b148faf2cd337a76b444b2695659.jpg,Benedict Cumberbatch
c8bf3f73371dd1a577b5c547494cf3ea.jpg,Johnny Cash
c8e2a0885d2e8c6c98611b341af26924.jpg,Billy Joel
c8efb43aede678c5defccca8279f6310.jpg,Theodore Roosevelt
c8fa1870d314cd242b25d9a802a4d6a0.jpg,Vladimir Putin
c91be82d0f908e72c29b0c9ccf354538.jpg,Amy Schumer
c9b58b62955ada09e40b83667341ac64.jpg,George Bush
c9d1bf634be21ab53d1c29f91b168ca4.jpg,Saoirse Ronan
c9de7d8837c0220ec9f459662971d14c.jpg,Ayyan
c9f4e8d041af2600758e6d13ae3ed0d7.jpg,Miley Cyrus
ca038f51ae56c4a746afeb4822d08f69.jpg,Hillary Clinton
ca3dc19dd764f79c1da3b491807f47fa.jpg,John McCain
cb5618ab3312ad236657fcf28bab952d.jpg,Oprah Winfrey
cb5958a1e488d5c41569c5f03428c8c2.jpg,John Cena
cb76c11032ad167449e041bd60957afa.jpg,Halle Berry
cb7eb14fdb9d220a88f78f3ed8e4ca97.jpg,Marvin Gaye
cb8db4a9f4585ea66a6569607add64c2.jpg,Bill Clinton
cb9fdad4d88d173e85a4ea59495dbc86.jpg,Selena Gomez
cbb831ffb66b59f6a5f356f1249ebadf.jpg,Bruce Willis
cbd41ee6c1f61fa377edea9414774ffc.jpg,Michelle Obama
cbe9e55d22f79f1ce0b979354062ad2e.jpg,Susan Carrizo
cc68c2761f616fb09acfee70f4ba9be0.jpg,Jessica Alba
cc696275ed9d838b0294a2d6583ac01e.jpg,Billy Joel
ccb895e5e4d4ade6f7a839f31ab42079.jpg,John Cena
cce2b4d93dfc5747ea8e7cfdff90632e.jpg,Cary Grant
cced49aab1269904dcf3f0b367e8281b.jpg,Bob Dylan
ccfd6de2ff42d0893e36d23baf143ed4.jpg,Celine Dion
cd08331d0accc99ea43014c9c3a2c79f.jpg,Al Gore
cd256d88fbc0b29ade96ab82fcf1df9a.jpg,J.K. Simmons
cdaeb7f3d75f6d9ca050a551ebbe3353.jpg,Steven Spielberg
cdd311987568dddc8d0142b05f95ac84.jpg,George Bush
cddcaaba1fd6d4c8df5d1eebb93f6dcf.jpg,Aretha Franklin
cde2f71561e1f0741cbe319a1ae8c9bc.jpg,Audrey Hepburn
cdf9b737d5bbc7cf08e5dcb213cc8f6f.jpg,Angela Merkel
ce636ddd31de0112b154928f5a35addd.jpg,Mitt Romney
ce67ab7f21f77804c45cb1dee0363294.jpg,Angela Merkel
ce80da60bacb48b4779b034837df2a33.jpg,Mark Wahlberg
cebdd2db55b15445e31690d3f03da87b.jpg,Selena Gomez
cebf65e89f1e1470b526114ff1157bab.jpg,Mila Kunis
ced837a01b729c2d63ebed087e70d440.jpg,Emily Blunt
cedb4272af91f2da351fc7723bb157e6.jpg,Marie Curie
cf016da2699556798ad59be92d4aa9b5.jpg,Oprah Winfrey
cf08bcb765601a733cbfa453e63acfb3.jpg,Ronald Reagan
cf14ec3d2fe7295dd293caa3a63a9e4e.jpg,Miley Cyrus
cf46119581e11547148046004b2c9b97.jpg,Cameron Diaz
cf4c14c503235f1b60da6322b3ce00ad.jpg,Halle Berry
cf697050975fa116232d0072d248ba61.jpg,Audrey Hepburn
cf77e242fe8088e810aeeba86a7a5d77.jpg,Mariah Carey
cf7e3b42d5cb2953e7632c8d1c6d1f52.jpg,Orlando Bloom
cffc3c699b3b733a4b51600d9ce7ce61.jpg,Ryan Gosling
d003df9f46d3ffcc2f2b0340e1a8cf18.jpg,John McCain
d038cf4daa8121144b5f8f066ae6baf0.jpg,Bruce Willis
d03c0d301f8d85de630b48e195f35a46.jpg,Marie Curie
d045d831443848030c9cd89e805d07ab.jpg,Joan Crawford
d0716a27fa70d0b533b768a1e273f1be.jpg,Channing Tatum
d0c4a2a93904cd34b70a52da5aae02bf.jpg,Channing Tatum
d0d766646f32bd3fb2d014a12c5e7e0f.jpg,Channing Tatum
d0f2b9f1f959ae07658ed7f1a29bd56c.jpg,Al Franken
d105ebcf1d27f0513d2132c9400067ea.jpg,Hillary Clinton
d199d0e1c2c986643279b7c1186a045d.jpg,Michelle Obama
d1aa11038f1f7ca87055f9e6158ff6c0.jpg,Woodrow Wilson
d1d1e5a75999249eb487cdba91713030.jpg,J.K. Simmons
d1d43acc566aa25879f4032846ed9c7f.jpg,Scarlett Johansson
d1da52c27a4263cd5c59a3ff38848db9.jpg,Matt Damon
d1f7a32a9acb1aebc62581165c98b528.jpg,Barack Obama
d20ec393e6f3463772488b67c4801311.jpg,Audrey Hepburn
d2315a4b292f8d9c7c5338bdd8305297.jpg,Barack Obama
d26b17a97a7141e17ebf53f3b60ed92f.jpg,Nicole Kidman
d26d7c7463f536f76801d8d1123abf6c.jpg,Annette Schavan
d28290676f70197e75d71ff03991f247.jpg,Tom Hanks
d2984d97677e7f42fc406686698b5dea.jpg,Scarlett Johansson
d2d77932e17a172dd9d3f57b94702010.jpg,Mitt Romney
d302e1b16cf3e681a8bb09f12c00ff8f.jpg,Cary Grant
d323cbd40479a67c70a08eb989c9b84d.jpg,Amy Poehler
d33927f082af30c6da5ba70e868d06e5.jpg,Steven Spielberg
d348b0493ae1a17056b5b1cef32dfaed.jpg,Mila Kunis
d3660b5417b513ddf0d6357852e69318.jpg,Channing Tatum
d39775381143fb2dfedc07609e85a695.jpg,Michelle Obama
d39b4dcd5a13a7fe70708c3ee12a4c65.jpg,Charlie Chaplin
d3ce37dfcdb94a4e064dd27d146780e6.jpg,Hillary Clinton
d3f7e7d8ac76c4664949d11c33d8045d.jpg,Joan Crawford
d42026418926431635f95691c687c69f.jpg,Johnny Depp
d421df61ee7d758d0eeeb95ffb303bc5.jpg,Brad Pitt
d42da92aa5dffbf8fbb332e2c3d2dac6.jpg,Sarkodie
d44626780b7a547d22da30bd7e39b14e.jpg,Jessica Alba
d45f80743edc1d9ec246cb859a48a92d.jpg,Barack Obama
d4655fdcd67b7140bf30409604fa6af5.jpg,John Cena
d474bdd1530b3a57c553a2e532a03d88.jpg,Katy Perry
d4a3ab186ec146e3eca33dad2883bee9.jpg,Jennifer Lawrence
d4e1f9628422757f4f076308febff220.jpg,Channing Tatum
d4e251370121660820b54d60fcf9632f.jpg,Madeleine Albright
d4ec1685cbf0761b710eb2594ed2686a.jpg,Thomas Edison
d4f1401ef466225d4819654904eda6d3.jpg,Jessica Alba
d500f0cf4ac06aea09021a8df7ad2eec.jpg,Ariana Grande
d51c2e955cfdc423f3d1143318693934.jpg,Angela Merkel
d539cba90405c7e4fc23b96a8e6c1353.jpg,Angela Merkel
d5636d84ef04396ea0d0e93af59217da.jpg,Mariah Carey
d56574bf71798e915056f29e947153e4.jpg,Hillary Clinton
d56bb2f9f523f2e1884bc35a23d50e21.jpg,Ariana Grande
d5a0ee764186115431e0ef78ba3ffb32.jpg,Adam Levine
d5ee2d1f5699f4ae91bf79126e797523.jpg,Michelle Obama
d60ebfca680b161e0b689a939fb68073.jpg,Miley Cyrus
d64ec811b9e00db5737f6d9639fccf0c.jpg,Hank Williams
d65bca978637cd3249f2dc678fdd9a15.jpg,Ellen Page
d6630b40f102909480ffecf6d08f4c51.jpg,Carly Fiorina
d66c90686be8540b3d891d6c1218a262.jpg,Michelle Obama
d68dedb8a039b72dded6c1be1932ee6c.jpg,Ben Affleck
d69483c77ae6b2f95b6fdb68daea4c9e.jpg,Saoirse Ronan
d6eb0bf6ebd0148467f4cf729cd0b4b4.jpg,John McCain
d6eb5a976af7c1abe7bc1099c9f6f9a7.jpg,Hank Williams
d6fcc832ce150009963d81be4db1810b.jpg,Mitt Romney
d710ac134d3984967464fd3a51a736ae.jpg,Emily Blunt
d7480cde131ec68ff6a9b41f317a2b45.jpg,Nikola Tesla
d767497fc5e556d26c3682aecd05a559.jpg,Nikola Tesla
d7b2dd9738af6430130ddfe0362db568.jpg,Audrey Hepburn
d7c493758bdd14aa01a6d011ac0a448f.jpg,Joan Crawford
d80fd429849490e2bb6e1bb384c16c9b.jpg,Orlando Bloom
d8291860c618b1a28e1ec452828e3c9f.jpg,Theodore Roosevelt
d82a3fd9dbeb0c13253e5e5ef1a7a395.jpg,Sheila Vand
d847a675fb5c50fa3506776304efac69.jpg,Jessica Alba
d8765918a221894a27d5b7016de4c0f3.jpg,Noam Chomsky
d8811ee45e3bb4f903c8213ad51a89e8.jpg,Angela Merkel
d89cad97362e9a3f20b0bed407af4cf4.jpg,Johnny Depp
d8a0c0adeed9e17310c86b0b7106d3e7.jpg,Jennifer Lawrence
d8de325e215ddb6ce497812910914a63.jpg,Miley Cyrus
d8fda1b361bee50ddf227ff11f3805b8.jpg,Nikola Tesla
d930c8131d1d96e136bf4f92e730dd83.jpg,Woodrow Wilson
d933fc191e37c88561a96a67d545cb9c.jpg,Elton John
d957370a00b07ef7117ff6bc65112d77.jpg,Sheryl Sandberg
d983f1ab2e7ae89d8482fc85458906b8.jpg,Tom Hanks
d98cffe053707e334c581e5954ac9a13.jpg,DJ Layla
da2d50cc9262417688ef7efad218226b.jpg,Scarlett Johansson
da51289e1a107bd9ba1f548f8aea9c81.jpg,J.K. Simmons
da65ccae46923717107724cb31257895.jpg,Nikola Tesla
da9285645715fb87cc419a87a7dd3492.jpg,Amy Poehler
dac4ed4b6c290753bcac9c17135ddda1.jpg,Mark Wahlberg
db111cb5b6fcf5d335d4ab5179bbccea.jpg,Al Franken
db1f386687a90ef438802e64cfe55679.jpg,Michael Weatherly,58
db6121f981c470300b976840aba0c751.jpg,Elle Evans
db7512a79704c059bd48ea89841442b0.jpg,Cameron Diaz
db9321454cb4ac600382ce88749e03ce.jpg,Britney Spears
dbb6a97aee753a66eb431f42503de19c.jpg,Mila Kunis
dbcfc486917f5d8d0a0e70e91160e383.jpg,Selena Gomez
dbd0106fa69f179c8b75ed42d0b873ac.jpg,Rosie Mercado
dbd1d19d1a71fb97f301c6a0fd303590.jpg,Saoirse Ronan
dbf165e0bf746a3b6ee686b30656bd1c.jpg,Adam Levine
dc2a0b786e02a656a8792420d99c791e.jpg,Saoirse Ronan
dc333e147b8be3ef99829326ec2c2f7c.jpg,Judy Garland
dc75fa620c1cbd2eaa10b958b0f382a1.jpg,Hillary Clinton
dcadda2a8e511e13b8fb8af457b9a8f5.jpg,Daniel Craig
dcb26b737e3796b98f668406e327c019.jpg,Judy Garland
dcd208ea3e54250486bf6a3c51540861.jpg,Noam Chomsky
dce62edfd19709371bd2f126a74a0da2.jpg,Adam Levine
dce7b550e1c3841dcf397d85ae5a0603.jpg,Piero Piccioni
dcec3a162e6711c90d6277a3e8e62de0.jpg,Cameron Diaz
dd5e40b140b7f6dfaf452b6d2d09ab37.jpg,Bruce Willis
dd5fd4030f6da7cfe8a1f1e878883e1f.jpg,Gwyneth Paltrow
dd74fe2687cf84057e63a51e2c790ec5.jpg,Mark Wahlberg
dd7f76159793410b3f795bcfec44b53b.jpg,Taylor Swift
ddc11c527a5d12c2fd60588d4afe1e13.jpg,Bill Clinton
dde5667ae9ec10243ad7f5991849725b.jpg,Reese Witherspoon
dde9f05959edb268edd3dbc49ea220d8.jpg,Drew Barrymore
de3c3a82d2c0fd2267fd9518c6f3d717.jpg,Audrey Hepburn
de4270c6cb06fe19558f3c49a2de9f40.jpg,Alice Morel-Michaud
de457a516af3c881fc39ed9aba1944dc.jpg,Judy Garland
de511e931c4199c6336b8a52b8b7dbf0.jpg,Britney Spears
de6de58b9b27f6746d2c579d1d56996f.jpg,Aretha Franklin
de719328367dd06f340f96fb08f5556e.jpg,Judy Garland
de93117c1b8b8f48c1d1b956b0923b76.jpg,Elton John
dea3fe4e890631939c83eb8a47ef576b.jpg,Michelle Obama
dec98ce0d59218206d6653c673a2e8ad.jpg,Madeleine Albright
ded6e5b53eaa2e874e88288d4fcb07f2.jpg,Scarlett Johansson
defa5b2b3940f83300874fbaeb9df9ce.jpg,Cary Grant
df21660c7c0466f39bde5778332e7d7a.jpg,Saoirse Ronan
df2db0c02fb8d682d288048222b8836c.jpg,Kanye West
df7d0abfa56a24aee87f0368e62dd3b1.jpg,Angela Merkel
dfd501c36bcdd15497f65d2c56b74ab1.jpg,David Beckham
dfd818023bc5082cc15d80f2f992acd9.jpg,Katy Perry
dfda6b02b04d68a4aaa49c6a80936976.jpg,John Cena
dfff3c29ee7b1a800076dcb0e08c29f0.jpg,Angelina Jolie
e00815e885835e513ddf44af3f2c61e7.jpg,Mila Kunis
e06933007c20e52341f7a9bfa03e1db2.jpg,Britney Spears
e0d13f50a69fe8f6cbf554738ae4c05e.jpg,Bruce Willis
e124b1fa44210c3c9a77544983e01dd9.jpg,Reese Witherspoon
e17a531df031fcc81aa0f24d9c979019.jpg,Scarlett Johansson
e180366a0547db7a501de827736c924d.jpg,Noam Chomsky
e1959ed820ac2ac851eb5b1f7d8caa38.jpg,Demi Moore
e1ba86daeb503872d7f1049a4a5f19ba.jpg,Celine Dion
e1c5895d157f06562a948c1f6e3314e5.jpg,Audrey Hepburn
e1d7616de56cb647c6cdc3ae47eea198.jpg,Adam Levine
e1fb1bfb12f8edaab142755940020176.jpg,Ellen Page
e2a74c5677a882352060714d7c20a846.jpg,Dick Cheney
e2cede2502e87e700f1481b01253dbdc.jpg,Marie Curie
e2f6b415ce6116f600ef57ac18bc9e57.jpg,John McCain
e303a35572028d625eebcc7a97f7669c.jpg,Vladimir Putin
e314cb41fb47ab473e07f0cbbf6d0f1f.jpg,Brad Pitt
e35029d9f1780c72a1ea0b874a074988.jpg,Chris Patten
e37889c11449bf94980627c67c7ccd6c.jpg,Tom Hanks
e3a864f6c3ee3070810080c2fbc9d71e.jpg,Selena Gomez
e3cf15110930f4f7a62e67135f019390.jpg,Halle Berry
e3daf880fa670bea86828947eeab9390.jpg,Benh Zeitlin
e3ff529a489d951b6502c327e9ecb104.jpg,Barack Obama
e42aa6b461fd6f41ac9f96bec67a90e4.jpg,Taylor Swift
e42cd9e5de9b75eca8dd758c252cdf61.jpg,Marie Curie
e4326b632692a65b34746fae57ffe260.jpg,Humphrey Bogart
e47fe72c38909c51e2dd0759ef857183.jpg,Orlando Bloom
e49ac5fd212b373618d8521284221fc4.jpg,Kanye West
e4b0e873d1dd8e60eead9778631fdd75.jpg,Michelle Obama
e4ce33b5f5f6c76b10982eb3e7a4afa5.jpg,Chrissy Teigen
e4f34fe4eb51efd07447d35027970416.jpg,Bruce Springsteen
e53132d56eeb2d9b8100091c64c5ffb5.jpg,Vladimir Putin
e544b85fa0dc5d4f1fad79c23227e7b4.jpg,Johnny Depp
e58274f60cbc969d42c69e869a3670fe.jpg,Nikola Tesla
e5a06314d2207f6bd168d26d323e22b6.jpg,Emily Blunt
e5c01494bccaf65a1bee414bea25c2fa.jpg,J.K. Simmons
e5d6ad0a3f729cc4b1450e4ba6ed7ba7.jpg,Matt Damon
e5dfdf3fac8f382306aab288e628f738.jpg,Gavin Polone
e627b0c2d49a645026b00b575bea118c.jpg,Albert Einstein
e64fd650ccbf71e21e2344aae85f2d8e.jpg,Michelle Obama
e6a7093a2a43ca75ad6a8d2f11cbd716.jpg,Thomas Edison
e6aa4c531e634d490fce345ee799546a.jpg,Angela Merkel
e6d70cc33e91a6e76d9b3dc2249f5b3c.jpg,Channing Tatum
e6e67c09834cdefa84614ef251b572cc.jpg,Judy Garland
e702b206a4b56484888890254e8f9380.jpg,Orlando Bloom
e71fb634fc06d170e9f0810a4bbfb2a2.jpg,Drew Barrymore
e73dc85f146bc48384a2d3b4913b5e21.jpg,Al Gore
e7526b88a48ab425fa321ca2bc481861.jpg,Nina Dobrev
e76bf7728baf243e08a13f9baf67566a.jpg,Sheryl Sandberg
e7765ee1e02d56cc6be42b1e84668780.jpg,Ben Affleck
e78534018d0f52d8b6e52bf1f15f64c5.jpg,Cary Grant
e78bf9f28d9d78b918de3f591dcb5dda.jpg,Ben Affleck
e7a3a4b02f93d6d9c667ce06ed62b83c.jpg,Katy Perry
e7c770d31d4093d42367b84df4c851e2.jpg,Vladimir Putin
e7d260ee08dd2edd57c17a68a870ab34.jpg,Johnny Depp
e839443e149ff864f6f3500d5dfe6c5a.jpg,Taylor Swift
e83b916f53147ad4362408fbdaa246df.jpg,Miley Cyrus
e84bcf042e61995182bdaede489791ae.jpg,Selena Gomez
e92938d74de453e48b66a5f4f3151624.jpg,Jessica Alba
e9ac358a4769a26012ecd6df06bd0224.jpg,Nikola Tesla
e9adee56ca99b6269591acd5f715743b.jpg,Gerald Ford
e9f8e209aaa0558c68bbf45200125192.jpg,Carly Fiorina
ea03f539a002106a286f1503f2d311e8.jpg,Elton John
ea51b2bf781cf9b3273677dd632e837c.jpg,John Cena
ea5573c197ffcd902c4360525a5d9dac.jpg,Natalie Portman
ea9b09248923f86d2fab2d0744a1845d.jpg,Angelina Jolie
eaa20a990a34211573b60b8c2b2745c0.jpg,Hank Williams
eaa4e69b3fc3f40e11f9232e6b54ce05.jpg,Theodore Roosevelt
eabf50ad00fa9c6bd1a0b0f8183c3579.jpg,Matt Damon
eb0b9b5037a2849d6daf08964cbf164d.jpg,Mark Wahlberg
eb100ae2fc74bea727d3b81bbfc59c96.jpg,John McCain
eb2cf1d2ed0e88ad2cb8096d764e5dd1.jpg,Kanye West
eb52cd552f124075d84ae578d5aaf991.jpg,Sheryl Sandberg
eb56468e7b86451efd71db0e40736dc4.jpg,Mila Kunis
eb8935616bf7e361d1af6e44590e2dc2.jpg,Oprah Winfrey
ebc53d4a4fe3ae8010bd08bb8252a31c.jpg,Leonardo DiCaprio
ebd3c2731976b24500a270804e1026f4.jpg,Selena Gomez
ec2e442d0749faf3a6053f9ddefbcf4f.jpg,Gerald Ford
ec68c923d6eb34d3814e101ab29b43ec.jpg,Brad Pitt
ec8ae57cf07fdaca8a89fd69ec1782ca.jpg,Mila Kunis
ecd3459140dfd313d865b6897a7fe6dc.jpg,Matt Damon
ecebe0a4f615a99241c7cdcd51651035.jpg,Woodrow Wilson
ecec293c79da7edae3ed28adc5a042d5.jpg,Emily Blunt
ed56aaabc39ba5677e90f3a92cb8d949.jpg,Miley Cyrus
ed96dd0c7f3c3e55f4730c13ae79993a.jpg,Theodore Roosevelt
edaae59c31715da4e6339dbc669d58a2.jpg,Woodrow Wilson
edadd4291c56574063f10f50de9caf7f.jpg,Jennifer Aniston
eddd34b85ed763d29407e9034b97d691.jpg,Vladimir Putin
ede416b8b8bd59e50dab1c06e1c321a2.jpg,Bill Clinton
ee8ea6182b7c3b53db3e473d6fa8336c.jpg,Ben Affleck
eecd7c4dc597d56c1b3c9c3e1880b083.jpg,Celine Dion
eed9ddd8257e7f1f2c963133ce5f720a.jpg,Cameron Diaz
eeedba01c7454cf2a716c360dab78166.jpg,Cary Grant
ef0aa3a5053820630ea0c0c4cfa31497.jpg,Ronald Reagan
ef55218251fec149893efc5f3d13ab0f.jpg,Amy Poehler
ef6b73d29a01b127ac6c37de3c2b41a0.jpg,Reese Witherspoon
ef791ce96693772f7999c53b90f40cee.jpg,Oprah Winfrey
ef807d1099bc77d5cc766cf4d962f409.jpg,Al Gore
efa07cbd0cd48f419c940d4d67ff6aad.jpg,Demi Moore
efc2f08a6bbfcd29861a8efbddce9bb0.jpg,David Beckham
f023a258c02a0a82338f1f9b1968e045.jpg,Moe Howard
f0247dcbb02cace160a6fb975e0377c1.jpg,Celine Dion
f02bb2c84df310614f95f47c82fcd3e4.jpg,Mitt Romney
f03cfeea029668905e9aabb98232122a.jpg,Nicole Kidman
f0d09d20848fef91f2f378528715a75e.jpg,Louis Armstrong
f14a320d575ae4d6e7736feb6d2b2293.jpg,Nikola Tesla
f14e16123585a91d0c5545d7f97640cb.jpg,Noam Chomsky
f1921621ac131f204f6ed2a0aac4f91a.jpg,Adam Levine
f1edc83967506c594403947d5df8b2cc.jpg,Amy Schumer
f2010e401e1ccac573bd9a1d526f673c.jpg,Scarlett Johansson
f20802de2eeb0b161f3855566304e579.jpg,Eric Clapton
f2363427de33640e76794e10f8b06081.jpg,Jessica Alba
f238e4d3105d08781b90ffdb71136c4c.jpg,Carly Fiorina
f2532fdc959d6542e8986d8037642bd3.jpg,W. Bruce Cameron
f266a10080e8838e5398e93b3f17b84b.jpg,Sheryl Sandberg
f26badb1b66c0309df0b74f44e94236f.jpg,Aretha Franklin
f26cbdd7f6580ff707e9dac18ebad56d.jpg,Benedict Cumberbatch
f28ee3b63ee2d9ed0f66baeb048ba4dd.jpg,Al Franken
f2cccf0f6e44c885d4d652a202ed1389.jpg,Adam Levine
f2def294bfe472995d124c0de9c9298b.jpg,Angela Merkel
f2e2549d18fbcb6bc7423f298b884669.jpg,Albert Einstein
f2efdfa68ca5c0d61577bb0a844091ec.jpg,Daniel Craig
f302d662d0ab0dc7fb7c34c35ccbb0c8.jpg,Amy Poehler
f31cf5baac4297c05acd51957270d023.jpg,Chrissy Teigen
f32edeb101d60b7e78f73f08b953861a.jpg,Woodrow Wilson
f340ca91826ce8b3f6a199e32a52b9d4.jpg,Tom Hanks
f3457feba1b81de5db63d26975a250bb.jpg,Leonardo DiCaprio
f360ae0b0bbdc207ab8cb802e6602307.jpg,Britney Spears
f3678d2ca6f1d2dcc9d8748d7bf660f8.jpg,Steven Spielberg
f37cb5261bf0cd8dbeff62891844f97d.jpg,Benedict Cumberbatch
f3c96739a9f86ee7b80b0c0ca6c37645.jpg,Jennifer Aniston
f3df27d54c5a35bb6ab40a933692849c.jpg,Hank Williams
f408c19215eb427107f6e913a4d10fdc.jpg,Demi Moore
f40c211007e8743029fc4b36fc09ef2a.jpg,Dorothy Sebastian
f4186218fdd3213694d12e380fe192eb.jpg,Johnny Depp
f43b4b77cb6afda92a9cd2785e3888e9.jpg,Ben Affleck
f440b05af28dc4f57fb8b7a7fa630367.jpg,Adam Levine
f493df546df2cb748e7f3ae83280bfa3.jpg,Nikola Tesla
f495f108e510235ed4522d8edcecf697.jpg,Miley Cyrus
f4b0371a115d0de0ec36eeac4d1ffc77.jpg,Elizabeth Gillies
f4c7a80834cd24974901ad24906ed81a.jpg,Leonardo DiCaprio
f50bfcabdfba8bd43d85dd8757dfea92.jpg,Gwyneth Paltrow
f527d283a48fce27a4f16018db7fc209.jpg,Michelle Obama
f5452dbe7ebc5b7170a830223f0ad79b.jpg,Jennifer Aniston
f555574094ba4eaf7ad9803fb636aa92.jpg,Kim Kardashian
f58db9fa70978ec57d29e3e9a84ecde2.jpg,Aretha Franklin
f5cd2c3e2db1eae8eaa39919443c7a16.jpg,Jennifer Lawrence
f5dba0b02b15ab514e9298f0a97dd6a9.jpg,John McCain
f5dc09bd814a5519d748127bfc04ad1b.jpg,David Beckham
f5e47d3fa6d6217aabc3f953c72adb8e.jpg,Peter London
f5ef9e6fa791651cdd40a9e909d75508.jpg,Cristiano Ronaldo
f691bc6b028eed407ab2883e675a6b4a.jpg,Donald Trump
f69a4f8ff7b08066cb9c4dda308cc839.jpg,Art Garfunkel
f6aaaa6b7ce6a3e27107a323ee3e79ac.jpg,Audrey Hepburn
f6b3f43cf712445683335371fe9cff1a.jpg,Garth Brooks
f6ccd43b4ff9473ae5253f5a956dbee0.jpg,Orlando Bloom
f6cd29382d289751f3e86767df6470af.jpg,Zooey Deschanel
f70e8426a4687331d99ef379ad49cf59.jpg,Benedict Cumberbatch
f723ea9e1682612361e3bbffd9cf2be6.jpg,Elton John
f7272e2a1cdda09899a3e1886f16dbc2.jpg,Donald Trump
f735f7f84c3b742a084bc9775f7c9a67.jpg,Benedict Cumberbatch
f73a84cbd1bfa602119f7f154deca6b7.jpg,Lady Gaga
f779648ee1f8bce4391e41a3c3660521.jpg,David Beckham
f783002d6c859831dc8886aa76d0ab7a.jpg,Halle Berry
f79df2684a57b7e81cb98455645dba2a.jpg,Chrissy Teigen
f7cf941ac72e786c0f1ed9c432136e13.jpg,Saoirse Ronan
f7f3b1b04bc9d866e83884c907a6b4ef.jpg,Saoirse Ronan
f83d58e5c0b75cea3dbb499d20d6b5f0.jpg,George Bush
f85a72c572b5d7207dc85e45b19c8c41.jpg,Mila Kunis
f8a59e1a8992a49c05e92d7e0276b152.jpg,Ben Affleck
f8c826316075e2cbcd9533bb192c4b6e.jpg,J.K. Simmons
f903db8e038735dfe2735687c937828f.jpg,Behgjet Pacolli
f907e0e87c7efbcb006f31f849664c36.jpg,Sheryl Sandberg
f92806abaa6947cbce5366d1ccb88bc3.jpg,Cameron Diaz
f95848e2e6db364d3db3fa030a73a5fc.jpg,Steven Spielberg
f9655e15c65b71f90349b053d214a814.jpg,Angela Merkel
f9c193c46a20bec9e91bf2388359f42e.jpg,Ihor Radivilov
f9de1c76f9a486093dae084f3ea4ccd1.jpg,Mariah Carey
f9ea282bf542105c7d8abbc30166be52.jpg,Benedict Cumberbatch
fa14ffb4f9ed31d03a0edd609f9c8fcc.jpg,Amanda Jenssen
fa4f1b77044496dec9e565a1b50b4d43.jpg,Mariah Carey
fa59b9072ca211966ce3c20bd31a689d.jpg,Sheryl Sandberg
fa5b56744ea1cf669a77eefdf37aea63.jpg,Vladimir Putin
fa5b83e31ebbf241a738aa6f16b2d232.jpg,Frankie Gaye,58
fa6a8587ed8342e6ae8695a714dd41cd.jpg,Cary Grant
fab0be660507b2b0795db91f4d19d967.jpg,Demi Moore
fb5436a74b6e573205f0d80c875866de.jpg,Chrissy Teigen
fb9264241fc30ffe802bf074f4cd2012.jpg,Cameron Diaz
fb98d27e1738819223b68020b228bc24.jpg,Tom Hanks
fba02b804ea2238d748803d4dfaa93f1.jpg,Daniella Rahme
fbee397388d5a1f9e18e85d569888f01.jpg,Brad Pitt
fbf4565c1ece6df3f227b86b2559b554.jpg,Gwyneth Paltrow
fc0c27b634a9ee7c54b4b331de590a67.jpg,Ariana Grande
fc411d704021902d7e1c13a276a2e219.jpg,Jennifer Lawrence
fc496f33f4ffef4cec4314888b6c3468.jpg,Benedict Cumberbatch
fc570046541da7ecd583d3aba5fcdd52.jpg,Taylor Swift
fc58afce9c76f0c862c84e0516634f2a.jpg,Elvis Presley
fca21d530e81762d75ddaaa5fe7a9efa.jpg,Daniel Craig
fcab5dae07e1cc025dcf144a72b4d90e.jpg,Emily Blunt
fcad8905ac168005332b858473bead61.jpg,Aretha Franklin
fcce1fbab928d0c4993a6c7bbc792d11.jpg,Johnny Cash
fcfe3b79179a5cc59e463ff09e89c9ae.jpg,Halle Berry
fd21cfacc81d727fffc763e518033046.jpg,Johnny Depp
fd50f021a08bc6de6ebcc0dacc3cbafb.jpg,Demi Moore
fd6f6f18e612df38f565a1de11b74626.jpg,Brad Pitt
fd73d415ec5d12b8b14ac8c51cdad743.jpg,Theodore Roosevelt
fda7860b6a5bf2735ba670e1bf692f4c.jpg,Elton John
fdb58ee5cdc6a0945c1bc1fb50c4ab20.jpg,Humphrey Bogart
fdb7b18c1b2fcdadc62a5fe381a350f4.jpg,Leonardo DiCaprio
fdd11222a379cef818c1850abdee7ef5.jpg,John Cena
fdd42386d4d3ccf2dcf8512e454a547f.jpg,Cary Grant
fdddeae117ddc1a7fedf5f083c09c33e.jpg,Bruce Springsteen
fdee03c1220b84d2bfe692cc7bb26f71.jpg,Hillary Clinton
fe27f18180b1ef5e35704d4967f5a9c4.jpg,Al Gore
fe6c4e8395061581fea6aaa4baac8ca5.jpg,Audrey Hepburn
fe8584284958fe607f9315393a500871.jpg,Amy Schumer
fec4707cadeb7b6bde3f50b7300b72ff.jpg,Charles Edison,58
fec9d3661b695aeed627c099ecca702e.jpg,Nicole Kidman
fefe7f4ecb851b170026ae07ca67e449.jpg,Ellen Page
ff3b2ee99e9796f6b916a67d61787818.jpg,Amy Schumer
ff4225a22c3126fc489dc4e384e823af.jpg,Celine Dion
ff5a390e014c8741354f7a4ef5a2b332.jpg,Hillary Clinton
ff60f68fde5da33e7cb235ad2172f382.jpg,Cary Grant
ff67ec73b54c343284bddad42903cb60.jpg,Oprah Winfrey
